-- phpMyAdmin SQL Dump
-- version 5.0.2
-- https://www.phpmyadmin.net/
--
-- Host: 127.0.0.1
-- Generation Time: Feb 01, 2021 at 08:35 AM
-- Server version: 10.4.14-MariaDB
-- PHP Version: 7.4.10

SET SQL_MODE = "NO_AUTO_VALUE_ON_ZERO";
START TRANSACTION;
SET time_zone = "+00:00";


/*!40101 SET @OLD_CHARACTER_SET_CLIENT=@@CHARACTER_SET_CLIENT */;
/*!40101 SET @OLD_CHARACTER_SET_RESULTS=@@CHARACTER_SET_RESULTS */;
/*!40101 SET @OLD_COLLATION_CONNECTION=@@COLLATION_CONNECTION */;
/*!40101 SET NAMES utf8mb4 */;

--
-- Database: `ezcollege`
--

-- --------------------------------------------------------

--
-- Table structure for table `attendance`
--

CREATE TABLE `attendance` (
  `id` int(11) NOT NULL,
  `stu_id` varchar(100) NOT NULL,
  `status` varchar(100) NOT NULL,
  `date` date NOT NULL,
  `slot` varchar(100) NOT NULL,
  `group_id` varchar(100) NOT NULL,
  `fac_id` varchar(100) NOT NULL
) ENGINE=InnoDB DEFAULT CHARSET=utf8mb4;

--
-- Dumping data for table `attendance`
--

INSERT INTO `attendance` (`id`, `stu_id`, `status`, `date`, `slot`, `group_id`, `fac_id`) VALUES
(40, '19CSE101', 'Present', '2020-10-05', 'p2', '2019CSE001', '1002'),
(41, '19CSE102', 'Present', '2020-10-05', 'p2', '2019CSE001', '1002'),
(42, '19CSE103', 'Present', '2020-10-05', 'p2', '2019CSE001', '1002'),
(43, '19CSE104', 'Present', '2020-10-05', 'p2', '2019CSE001', '1002'),
(44, '19CSE105', 'Present', '2020-10-05', 'p2', '2019CSE001', '1002'),
(45, '19CSE106', 'Present', '2020-10-05', 'p2', '2019CSE001', '1002'),
(46, '19CSE107', 'Present', '2020-10-05', 'p2', '2019CSE001', '1002'),
(47, '19CSE108', 'Present', '2020-10-05', 'p2', '2019CSE001', '1002'),
(48, '19CSE109', 'Present', '2020-10-05', 'p2', '2019CSE001', '1002'),
(49, '19CSE110', 'Present', '2020-10-05', 'p2', '2019CSE001', '1002'),
(50, '19CSE111', 'Present', '2020-10-05', 'p2', '2019CSE001', '1002'),
(51, '19CSE112', 'Present', '2020-10-05', 'p2', '2019CSE001', '1002'),
(52, '19CSE113', 'Present', '2020-10-05', 'p2', '2019CSE001', '1002'),
(53, '19CSE114', 'Present', '2020-10-05', 'p2', '2019CSE001', '1002'),
(54, '19CSE115', 'Present', '2020-10-05', 'p2', '2019CSE001', '1002'),
(55, '19CSE116', 'Present', '2020-10-05', 'p2', '2019CSE001', '1002'),
(56, '19CSE117', 'Present', '2020-10-05', 'p2', '2019CSE001', '1002'),
(57, '19CSE118', 'Present', '2020-10-05', 'p2', '2019CSE001', '1002'),
(58, '19CSE119', 'Present', '2020-10-05', 'p2', '2019CSE001', '1002'),
(59, '19CSE120', 'Present', '2020-10-05', 'p2', '2019CSE001', '1002'),
(60, '19CSE121', 'Present', '2020-10-05', 'p2', '2019CSE001', '1002'),
(61, '19CSE122', 'Present', '2020-10-05', 'p2', '2019CSE001', '1002'),
(62, '19CSE123', 'Present', '2020-10-05', 'p2', '2019CSE001', '1002'),
(63, '19CSE124', 'Present', '2020-10-05', 'p2', '2019CSE001', '1002'),
(64, '19CSE125', 'Present', '2020-10-05', 'p2', '2019CSE001', '1002'),
(65, '19CSE126', 'Present', '2020-10-05', 'p2', '2019CSE001', '1002'),
(66, '19CSE127', 'Present', '2020-10-05', 'p2', '2019CSE001', '1002'),
(67, '19CSE128', 'Present', '2020-10-05', 'p2', '2019CSE001', '1002'),
(68, '19CSE129', 'Present', '2020-10-05', 'p2', '2019CSE001', '1002'),
(69, '19CSE130', 'Present', '2020-10-05', 'p2', '2019CSE001', '1002'),
(70, '19CSE101', 'Present', '2020-10-06', 'p2', '2019CSE001', '1002'),
(71, '19CSE102', 'Present', '2020-10-06', 'p2', '2019CSE001', '1002'),
(72, '19CSE103', 'Present', '2020-10-06', 'p2', '2019CSE001', '1002'),
(73, '19CSE104', 'Present', '2020-10-06', 'p2', '2019CSE001', '1002'),
(74, '19CSE105', 'Present', '2020-10-06', 'p2', '2019CSE001', '1002'),
(75, '19CSE106', 'Present', '2020-10-06', 'p2', '2019CSE001', '1002'),
(76, '19CSE107', 'Present', '2020-10-06', 'p2', '2019CSE001', '1002'),
(77, '19CSE108', 'Present', '2020-10-06', 'p2', '2019CSE001', '1002'),
(78, '19CSE109', 'Present', '2020-10-06', 'p2', '2019CSE001', '1002'),
(79, '19CSE110', 'Present', '2020-10-06', 'p2', '2019CSE001', '1002'),
(80, '19CSE111', 'Present', '2020-10-06', 'p2', '2019CSE001', '1002'),
(81, '19CSE112', 'Present', '2020-10-06', 'p2', '2019CSE001', '1002'),
(82, '19CSE113', 'Present', '2020-10-06', 'p2', '2019CSE001', '1002'),
(83, '19CSE114', 'Present', '2020-10-06', 'p2', '2019CSE001', '1002'),
(84, '19CSE115', 'Present', '2020-10-06', 'p2', '2019CSE001', '1002'),
(85, '19CSE116', 'Present', '2020-10-06', 'p2', '2019CSE001', '1002'),
(86, '19CSE117', 'Present', '2020-10-06', 'p2', '2019CSE001', '1002'),
(87, '19CSE118', 'Present', '2020-10-06', 'p2', '2019CSE001', '1002'),
(88, '19CSE119', 'Present', '2020-10-06', 'p2', '2019CSE001', '1002'),
(89, '19CSE120', 'Present', '2020-10-06', 'p2', '2019CSE001', '1002'),
(90, '19CSE121', 'Present', '2020-10-06', 'p2', '2019CSE001', '1002'),
(91, '19CSE122', 'Present', '2020-10-06', 'p2', '2019CSE001', '1002'),
(92, '19CSE123', 'Present', '2020-10-06', 'p2', '2019CSE001', '1002'),
(93, '19CSE124', 'Present', '2020-10-06', 'p2', '2019CSE001', '1002'),
(94, '19CSE125', 'Present', '2020-10-06', 'p2', '2019CSE001', '1002'),
(95, '19CSE126', 'Absent', '2020-10-06', 'p2', '2019CSE001', '1002'),
(96, '19CSE127', 'Absent', '2020-10-06', 'p2', '2019CSE001', '1002'),
(97, '19CSE128', 'Absent', '2020-10-06', 'p2', '2019CSE001', '1002'),
(98, '19CSE129', 'Absent', '2020-10-06', 'p2', '2019CSE001', '1002'),
(99, '19CSE130', 'Absent', '2020-10-06', 'p2', '2019CSE001', '1002'),
(100, '19CSE101', 'Present', '2020-10-07', 'p2', '2019CSE001', '1002'),
(101, '19CSE102', 'Present', '2020-10-07', 'p2', '2019CSE001', '1002'),
(102, '19CSE103', 'Present', '2020-10-07', 'p2', '2019CSE001', '1002'),
(103, '19CSE104', 'Present', '2020-10-07', 'p2', '2019CSE001', '1002'),
(104, '19CSE105', 'Present', '2020-10-07', 'p2', '2019CSE001', '1002'),
(105, '19CSE106', 'Present', '2020-10-07', 'p2', '2019CSE001', '1002'),
(106, '19CSE107', 'Present', '2020-10-07', 'p2', '2019CSE001', '1002'),
(107, '19CSE108', 'Present', '2020-10-07', 'p2', '2019CSE001', '1002'),
(108, '19CSE109', 'Present', '2020-10-07', 'p2', '2019CSE001', '1002'),
(109, '19CSE110', 'Present', '2020-10-07', 'p2', '2019CSE001', '1002'),
(110, '19CSE111', 'Present', '2020-10-07', 'p2', '2019CSE001', '1002'),
(111, '19CSE112', 'Present', '2020-10-07', 'p2', '2019CSE001', '1002'),
(112, '19CSE113', 'Present', '2020-10-07', 'p2', '2019CSE001', '1002'),
(113, '19CSE114', 'Present', '2020-10-07', 'p2', '2019CSE001', '1002'),
(114, '19CSE115', 'Present', '2020-10-07', 'p2', '2019CSE001', '1002'),
(115, '19CSE116', 'Present', '2020-10-07', 'p2', '2019CSE001', '1002'),
(116, '19CSE117', 'Present', '2020-10-07', 'p2', '2019CSE001', '1002'),
(117, '19CSE118', 'Present', '2020-10-07', 'p2', '2019CSE001', '1002'),
(118, '19CSE119', 'Present', '2020-10-07', 'p2', '2019CSE001', '1002'),
(119, '19CSE120', 'Present', '2020-10-07', 'p2', '2019CSE001', '1002'),
(120, '19CSE121', 'Present', '2020-10-07', 'p2', '2019CSE001', '1002'),
(121, '19CSE122', 'Present', '2020-10-07', 'p2', '2019CSE001', '1002'),
(122, '19CSE123', 'Present', '2020-10-07', 'p2', '2019CSE001', '1002'),
(123, '19CSE124', 'Present', '2020-10-07', 'p2', '2019CSE001', '1002'),
(124, '19CSE125', 'Present', '2020-10-07', 'p2', '2019CSE001', '1002'),
(125, '19CSE126', 'Present', '2020-10-07', 'p2', '2019CSE001', '1002'),
(126, '19CSE127', 'Present', '2020-10-07', 'p2', '2019CSE001', '1002'),
(127, '19CSE128', 'Present', '2020-10-07', 'p2', '2019CSE001', '1002'),
(128, '19CSE129', 'Absent', '2020-10-07', 'p2', '2019CSE001', '1002'),
(129, '19CSE130', 'Absent', '2020-10-07', 'p2', '2019CSE001', '1002'),
(130, '19CSE101', 'Present', '2020-10-12', 'p2', '2019CSE001', '1002'),
(131, '19CSE102', 'Present', '2020-10-12', 'p2', '2019CSE001', '1002'),
(132, '19CSE103', 'Present', '2020-10-12', 'p2', '2019CSE001', '1002'),
(133, '19CSE104', 'Present', '2020-10-12', 'p2', '2019CSE001', '1002'),
(134, '19CSE105', 'Present', '2020-10-12', 'p2', '2019CSE001', '1002'),
(135, '19CSE106', 'Present', '2020-10-12', 'p2', '2019CSE001', '1002'),
(136, '19CSE107', 'Present', '2020-10-12', 'p2', '2019CSE001', '1002'),
(137, '19CSE108', 'Present', '2020-10-12', 'p2', '2019CSE001', '1002'),
(138, '19CSE109', 'Present', '2020-10-12', 'p2', '2019CSE001', '1002'),
(139, '19CSE110', 'Present', '2020-10-12', 'p2', '2019CSE001', '1002'),
(140, '19CSE111', 'Present', '2020-10-12', 'p2', '2019CSE001', '1002'),
(141, '19CSE112', 'Present', '2020-10-12', 'p2', '2019CSE001', '1002'),
(142, '19CSE113', 'Present', '2020-10-12', 'p2', '2019CSE001', '1002'),
(143, '19CSE114', 'Present', '2020-10-12', 'p2', '2019CSE001', '1002'),
(144, '19CSE115', 'Present', '2020-10-12', 'p2', '2019CSE001', '1002'),
(145, '19CSE116', 'Present', '2020-10-12', 'p2', '2019CSE001', '1002'),
(146, '19CSE117', 'Present', '2020-10-12', 'p2', '2019CSE001', '1002'),
(147, '19CSE118', 'Present', '2020-10-12', 'p2', '2019CSE001', '1002'),
(148, '19CSE119', 'Present', '2020-10-12', 'p2', '2019CSE001', '1002'),
(149, '19CSE120', 'Present', '2020-10-12', 'p2', '2019CSE001', '1002'),
(150, '19CSE121', 'Present', '2020-10-12', 'p2', '2019CSE001', '1002'),
(151, '19CSE122', 'Present', '2020-10-12', 'p2', '2019CSE001', '1002'),
(152, '19CSE123', 'Present', '2020-10-12', 'p2', '2019CSE001', '1002'),
(153, '19CSE124', 'Present', '2020-10-12', 'p2', '2019CSE001', '1002'),
(154, '19CSE125', 'Present', '2020-10-12', 'p2', '2019CSE001', '1002'),
(155, '19CSE126', 'Present', '2020-10-12', 'p2', '2019CSE001', '1002'),
(156, '19CSE127', 'Present', '2020-10-12', 'p2', '2019CSE001', '1002'),
(157, '19CSE128', 'Present', '2020-10-12', 'p2', '2019CSE001', '1002'),
(158, '19CSE129', 'Present', '2020-10-12', 'p2', '2019CSE001', '1002'),
(159, '19CSE130', 'Present', '2020-10-12', 'p2', '2019CSE001', '1002'),
(160, '19CSE101', 'Present', '2020-10-13', 'p2', '2019CSE001', '1002'),
(161, '19CSE102', 'Present', '2020-10-13', 'p2', '2019CSE001', '1002'),
(162, '19CSE103', 'Present', '2020-10-13', 'p2', '2019CSE001', '1002'),
(163, '19CSE104', 'Present', '2020-10-13', 'p2', '2019CSE001', '1002'),
(164, '19CSE105', 'Present', '2020-10-13', 'p2', '2019CSE001', '1002'),
(165, '19CSE106', 'Present', '2020-10-13', 'p2', '2019CSE001', '1002'),
(166, '19CSE107', 'Present', '2020-10-13', 'p2', '2019CSE001', '1002'),
(167, '19CSE108', 'Present', '2020-10-13', 'p2', '2019CSE001', '1002'),
(168, '19CSE109', 'Present', '2020-10-13', 'p2', '2019CSE001', '1002'),
(169, '19CSE110', 'Present', '2020-10-13', 'p2', '2019CSE001', '1002'),
(170, '19CSE111', 'Present', '2020-10-13', 'p2', '2019CSE001', '1002'),
(171, '19CSE112', 'Present', '2020-10-13', 'p2', '2019CSE001', '1002'),
(172, '19CSE113', 'Present', '2020-10-13', 'p2', '2019CSE001', '1002'),
(173, '19CSE114', 'Present', '2020-10-13', 'p2', '2019CSE001', '1002'),
(174, '19CSE115', 'Present', '2020-10-13', 'p2', '2019CSE001', '1002'),
(175, '19CSE116', 'Present', '2020-10-13', 'p2', '2019CSE001', '1002'),
(176, '19CSE117', 'Present', '2020-10-13', 'p2', '2019CSE001', '1002'),
(177, '19CSE118', 'Present', '2020-10-13', 'p2', '2019CSE001', '1002'),
(178, '19CSE119', 'Present', '2020-10-13', 'p2', '2019CSE001', '1002'),
(179, '19CSE120', 'Present', '2020-10-13', 'p2', '2019CSE001', '1002'),
(180, '19CSE121', 'Present', '2020-10-13', 'p2', '2019CSE001', '1002'),
(181, '19CSE122', 'Present', '2020-10-13', 'p2', '2019CSE001', '1002'),
(182, '19CSE123', 'Present', '2020-10-13', 'p2', '2019CSE001', '1002'),
(183, '19CSE124', 'Present', '2020-10-13', 'p2', '2019CSE001', '1002'),
(184, '19CSE125', 'Present', '2020-10-13', 'p2', '2019CSE001', '1002'),
(185, '19CSE126', 'Present', '2020-10-13', 'p2', '2019CSE001', '1002'),
(186, '19CSE127', 'Present', '2020-10-13', 'p2', '2019CSE001', '1002'),
(187, '19CSE128', 'Present', '2020-10-13', 'p2', '2019CSE001', '1002'),
(188, '19CSE129', 'Present', '2020-10-13', 'p2', '2019CSE001', '1002'),
(189, '19CSE130', 'Present', '2020-10-13', 'p2', '2019CSE001', '1002'),
(190, '19CSE101', 'Present', '2020-10-14', 'p2', '2019CSE001', '1002'),
(191, '19CSE102', 'Present', '2020-10-14', 'p2', '2019CSE001', '1002'),
(192, '19CSE103', 'Present', '2020-10-14', 'p2', '2019CSE001', '1002'),
(193, '19CSE104', 'Present', '2020-10-14', 'p2', '2019CSE001', '1002'),
(194, '19CSE105', 'Present', '2020-10-14', 'p2', '2019CSE001', '1002'),
(195, '19CSE106', 'Present', '2020-10-14', 'p2', '2019CSE001', '1002'),
(196, '19CSE107', 'Present', '2020-10-14', 'p2', '2019CSE001', '1002'),
(197, '19CSE108', 'Present', '2020-10-14', 'p2', '2019CSE001', '1002'),
(198, '19CSE109', 'Present', '2020-10-14', 'p2', '2019CSE001', '1002'),
(199, '19CSE110', 'Present', '2020-10-14', 'p2', '2019CSE001', '1002'),
(200, '19CSE111', 'Present', '2020-10-14', 'p2', '2019CSE001', '1002'),
(201, '19CSE112', 'Present', '2020-10-14', 'p2', '2019CSE001', '1002'),
(202, '19CSE113', 'Present', '2020-10-14', 'p2', '2019CSE001', '1002'),
(203, '19CSE114', 'Present', '2020-10-14', 'p2', '2019CSE001', '1002'),
(204, '19CSE115', 'Present', '2020-10-14', 'p2', '2019CSE001', '1002'),
(205, '19CSE116', 'Present', '2020-10-14', 'p2', '2019CSE001', '1002'),
(206, '19CSE117', 'Present', '2020-10-14', 'p2', '2019CSE001', '1002'),
(207, '19CSE118', 'Present', '2020-10-14', 'p2', '2019CSE001', '1002'),
(208, '19CSE119', 'Present', '2020-10-14', 'p2', '2019CSE001', '1002'),
(209, '19CSE120', 'Present', '2020-10-14', 'p2', '2019CSE001', '1002'),
(210, '19CSE121', 'Present', '2020-10-14', 'p2', '2019CSE001', '1002'),
(211, '19CSE122', 'Present', '2020-10-14', 'p2', '2019CSE001', '1002'),
(212, '19CSE123', 'Present', '2020-10-14', 'p2', '2019CSE001', '1002'),
(213, '19CSE124', 'Present', '2020-10-14', 'p2', '2019CSE001', '1002'),
(214, '19CSE125', 'Present', '2020-10-14', 'p2', '2019CSE001', '1002'),
(215, '19CSE126', 'Absent', '2020-10-14', 'p2', '2019CSE001', '1002'),
(216, '19CSE127', 'Absent', '2020-10-14', 'p2', '2019CSE001', '1002'),
(217, '19CSE128', 'Absent', '2020-10-14', 'p2', '2019CSE001', '1002'),
(218, '19CSE129', 'Absent', '2020-10-14', 'p2', '2019CSE001', '1002'),
(219, '19CSE130', 'Absent', '2020-10-14', 'p2', '2019CSE001', '1002'),
(220, '19CSE101', 'Present', '2020-10-19', 'p2', '2019CSE001', '1002'),
(221, '19CSE102', 'Present', '2020-10-19', 'p2', '2019CSE001', '1002'),
(222, '19CSE103', 'Present', '2020-10-19', 'p2', '2019CSE001', '1002'),
(223, '19CSE104', 'Present', '2020-10-19', 'p2', '2019CSE001', '1002'),
(224, '19CSE105', 'Present', '2020-10-19', 'p2', '2019CSE001', '1002'),
(225, '19CSE106', 'Present', '2020-10-19', 'p2', '2019CSE001', '1002'),
(226, '19CSE107', 'Present', '2020-10-19', 'p2', '2019CSE001', '1002'),
(227, '19CSE108', 'Present', '2020-10-19', 'p2', '2019CSE001', '1002'),
(228, '19CSE109', 'Present', '2020-10-19', 'p2', '2019CSE001', '1002'),
(229, '19CSE110', 'Present', '2020-10-19', 'p2', '2019CSE001', '1002'),
(230, '19CSE111', 'Present', '2020-10-19', 'p2', '2019CSE001', '1002'),
(231, '19CSE112', 'Present', '2020-10-19', 'p2', '2019CSE001', '1002'),
(232, '19CSE113', 'Present', '2020-10-19', 'p2', '2019CSE001', '1002'),
(233, '19CSE114', 'Present', '2020-10-19', 'p2', '2019CSE001', '1002'),
(234, '19CSE115', 'Present', '2020-10-19', 'p2', '2019CSE001', '1002'),
(235, '19CSE116', 'Present', '2020-10-19', 'p2', '2019CSE001', '1002'),
(236, '19CSE117', 'Present', '2020-10-19', 'p2', '2019CSE001', '1002'),
(237, '19CSE118', 'Absent', '2020-10-19', 'p2', '2019CSE001', '1002'),
(238, '19CSE119', 'Absent', '2020-10-19', 'p2', '2019CSE001', '1002'),
(239, '19CSE120', 'Absent', '2020-10-19', 'p2', '2019CSE001', '1002'),
(240, '19CSE121', 'Absent', '2020-10-19', 'p2', '2019CSE001', '1002'),
(241, '19CSE122', 'Absent', '2020-10-19', 'p2', '2019CSE001', '1002'),
(242, '19CSE123', 'Absent', '2020-10-19', 'p2', '2019CSE001', '1002'),
(243, '19CSE124', 'Absent', '2020-10-19', 'p2', '2019CSE001', '1002'),
(244, '19CSE125', 'Absent', '2020-10-19', 'p2', '2019CSE001', '1002'),
(245, '19CSE126', 'Absent', '2020-10-19', 'p2', '2019CSE001', '1002'),
(246, '19CSE127', 'Absent', '2020-10-19', 'p2', '2019CSE001', '1002'),
(247, '19CSE128', 'Absent', '2020-10-19', 'p2', '2019CSE001', '1002'),
(248, '19CSE129', 'Absent', '2020-10-19', 'p2', '2019CSE001', '1002'),
(249, '19CSE130', 'Absent', '2020-10-19', 'p2', '2019CSE001', '1002'),
(250, '19CSE101', 'Present', '2020-10-20', 'p2', '2019CSE001', '1002'),
(251, '19CSE102', 'Present', '2020-10-20', 'p2', '2019CSE001', '1002'),
(252, '19CSE103', 'Present', '2020-10-20', 'p2', '2019CSE001', '1002'),
(253, '19CSE104', 'Present', '2020-10-20', 'p2', '2019CSE001', '1002'),
(254, '19CSE105', 'Present', '2020-10-20', 'p2', '2019CSE001', '1002'),
(255, '19CSE106', 'Present', '2020-10-20', 'p2', '2019CSE001', '1002'),
(256, '19CSE107', 'Present', '2020-10-20', 'p2', '2019CSE001', '1002'),
(257, '19CSE108', 'Present', '2020-10-20', 'p2', '2019CSE001', '1002'),
(258, '19CSE109', 'Present', '2020-10-20', 'p2', '2019CSE001', '1002'),
(259, '19CSE110', 'Present', '2020-10-20', 'p2', '2019CSE001', '1002'),
(260, '19CSE111', 'Present', '2020-10-20', 'p2', '2019CSE001', '1002'),
(261, '19CSE112', 'Present', '2020-10-20', 'p2', '2019CSE001', '1002'),
(262, '19CSE113', 'Present', '2020-10-20', 'p2', '2019CSE001', '1002'),
(263, '19CSE114', 'Present', '2020-10-20', 'p2', '2019CSE001', '1002'),
(264, '19CSE115', 'Present', '2020-10-20', 'p2', '2019CSE001', '1002'),
(265, '19CSE116', 'Present', '2020-10-20', 'p2', '2019CSE001', '1002'),
(266, '19CSE117', 'Present', '2020-10-20', 'p2', '2019CSE001', '1002'),
(267, '19CSE118', 'Present', '2020-10-20', 'p2', '2019CSE001', '1002'),
(268, '19CSE119', 'Present', '2020-10-20', 'p2', '2019CSE001', '1002'),
(269, '19CSE120', 'Present', '2020-10-20', 'p2', '2019CSE001', '1002'),
(270, '19CSE121', 'Present', '2020-10-20', 'p2', '2019CSE001', '1002'),
(271, '19CSE122', 'Present', '2020-10-20', 'p2', '2019CSE001', '1002'),
(272, '19CSE123', 'Present', '2020-10-20', 'p2', '2019CSE001', '1002'),
(273, '19CSE124', 'Present', '2020-10-20', 'p2', '2019CSE001', '1002'),
(274, '19CSE125', 'Present', '2020-10-20', 'p2', '2019CSE001', '1002'),
(275, '19CSE126', 'Present', '2020-10-20', 'p2', '2019CSE001', '1002'),
(276, '19CSE127', 'Present', '2020-10-20', 'p2', '2019CSE001', '1002'),
(277, '19CSE128', 'Present', '2020-10-20', 'p2', '2019CSE001', '1002'),
(278, '19CSE129', 'Present', '2020-10-20', 'p2', '2019CSE001', '1002'),
(279, '19CSE130', 'Present', '2020-10-20', 'p2', '2019CSE001', '1002'),
(280, '19CSE101', 'Present', '2020-10-21', 'p2', '2019CSE001', '1002'),
(281, '19CSE102', 'Present', '2020-10-21', 'p2', '2019CSE001', '1002'),
(282, '19CSE103', 'Present', '2020-10-21', 'p2', '2019CSE001', '1002'),
(283, '19CSE104', 'Present', '2020-10-21', 'p2', '2019CSE001', '1002'),
(284, '19CSE105', 'Present', '2020-10-21', 'p2', '2019CSE001', '1002'),
(285, '19CSE106', 'Present', '2020-10-21', 'p2', '2019CSE001', '1002'),
(286, '19CSE107', 'Present', '2020-10-21', 'p2', '2019CSE001', '1002'),
(287, '19CSE108', 'Present', '2020-10-21', 'p2', '2019CSE001', '1002'),
(288, '19CSE109', 'Present', '2020-10-21', 'p2', '2019CSE001', '1002'),
(289, '19CSE110', 'Present', '2020-10-21', 'p2', '2019CSE001', '1002'),
(290, '19CSE111', 'Present', '2020-10-21', 'p2', '2019CSE001', '1002'),
(291, '19CSE112', 'Present', '2020-10-21', 'p2', '2019CSE001', '1002'),
(292, '19CSE113', 'Present', '2020-10-21', 'p2', '2019CSE001', '1002'),
(293, '19CSE114', 'Present', '2020-10-21', 'p2', '2019CSE001', '1002'),
(294, '19CSE115', 'Present', '2020-10-21', 'p2', '2019CSE001', '1002'),
(295, '19CSE116', 'Present', '2020-10-21', 'p2', '2019CSE001', '1002'),
(296, '19CSE117', 'Present', '2020-10-21', 'p2', '2019CSE001', '1002'),
(297, '19CSE118', 'Present', '2020-10-21', 'p2', '2019CSE001', '1002'),
(298, '19CSE119', 'Present', '2020-10-21', 'p2', '2019CSE001', '1002'),
(299, '19CSE120', 'Present', '2020-10-21', 'p2', '2019CSE001', '1002'),
(300, '19CSE121', 'Present', '2020-10-21', 'p2', '2019CSE001', '1002'),
(301, '19CSE122', 'Present', '2020-10-21', 'p2', '2019CSE001', '1002'),
(302, '19CSE123', 'Present', '2020-10-21', 'p2', '2019CSE001', '1002'),
(303, '19CSE124', 'Present', '2020-10-21', 'p2', '2019CSE001', '1002'),
(304, '19CSE125', 'Present', '2020-10-21', 'p2', '2019CSE001', '1002'),
(305, '19CSE126', 'Present', '2020-10-21', 'p2', '2019CSE001', '1002'),
(306, '19CSE127', 'Present', '2020-10-21', 'p2', '2019CSE001', '1002'),
(307, '19CSE128', 'Present', '2020-10-21', 'p2', '2019CSE001', '1002'),
(308, '19CSE129', 'Present', '2020-10-21', 'p2', '2019CSE001', '1002'),
(309, '19CSE130', 'Present', '2020-10-21', 'p2', '2019CSE001', '1002'),
(310, '19CSE101', 'Present', '2020-10-26', 'p2', '2019CSE001', '1002'),
(311, '19CSE102', 'Present', '2020-10-26', 'p2', '2019CSE001', '1002'),
(312, '19CSE103', 'Present', '2020-10-26', 'p2', '2019CSE001', '1002'),
(313, '19CSE104', 'Present', '2020-10-26', 'p2', '2019CSE001', '1002'),
(314, '19CSE105', 'Present', '2020-10-26', 'p2', '2019CSE001', '1002'),
(315, '19CSE106', 'Present', '2020-10-26', 'p2', '2019CSE001', '1002'),
(316, '19CSE107', 'Present', '2020-10-26', 'p2', '2019CSE001', '1002'),
(317, '19CSE108', 'Present', '2020-10-26', 'p2', '2019CSE001', '1002'),
(318, '19CSE109', 'Present', '2020-10-26', 'p2', '2019CSE001', '1002'),
(319, '19CSE110', 'Present', '2020-10-26', 'p2', '2019CSE001', '1002'),
(320, '19CSE111', 'Present', '2020-10-26', 'p2', '2019CSE001', '1002'),
(321, '19CSE112', 'Present', '2020-10-26', 'p2', '2019CSE001', '1002'),
(322, '19CSE113', 'Present', '2020-10-26', 'p2', '2019CSE001', '1002'),
(323, '19CSE114', 'Present', '2020-10-26', 'p2', '2019CSE001', '1002'),
(324, '19CSE115', 'Present', '2020-10-26', 'p2', '2019CSE001', '1002'),
(325, '19CSE116', 'Present', '2020-10-26', 'p2', '2019CSE001', '1002'),
(326, '19CSE117', 'Present', '2020-10-26', 'p2', '2019CSE001', '1002'),
(327, '19CSE118', 'Present', '2020-10-26', 'p2', '2019CSE001', '1002'),
(328, '19CSE119', 'Present', '2020-10-26', 'p2', '2019CSE001', '1002'),
(329, '19CSE120', 'Present', '2020-10-26', 'p2', '2019CSE001', '1002'),
(330, '19CSE121', 'Present', '2020-10-26', 'p2', '2019CSE001', '1002'),
(331, '19CSE122', 'Present', '2020-10-26', 'p2', '2019CSE001', '1002'),
(332, '19CSE123', 'Present', '2020-10-26', 'p2', '2019CSE001', '1002'),
(333, '19CSE124', 'Present', '2020-10-26', 'p2', '2019CSE001', '1002'),
(334, '19CSE125', 'Present', '2020-10-26', 'p2', '2019CSE001', '1002'),
(335, '19CSE126', 'Present', '2020-10-26', 'p2', '2019CSE001', '1002'),
(336, '19CSE127', 'Present', '2020-10-26', 'p2', '2019CSE001', '1002'),
(337, '19CSE128', 'Present', '2020-10-26', 'p2', '2019CSE001', '1002'),
(338, '19CSE129', 'Present', '2020-10-26', 'p2', '2019CSE001', '1002'),
(339, '19CSE130', 'Present', '2020-10-26', 'p2', '2019CSE001', '1002'),
(340, '19CSE101', 'Present', '2020-10-27', 'p2', '2019CSE001', '1002'),
(341, '19CSE102', 'Present', '2020-10-27', 'p2', '2019CSE001', '1002'),
(342, '19CSE103', 'Present', '2020-10-27', 'p2', '2019CSE001', '1002'),
(343, '19CSE104', 'Present', '2020-10-27', 'p2', '2019CSE001', '1002'),
(344, '19CSE105', 'Present', '2020-10-27', 'p2', '2019CSE001', '1002'),
(345, '19CSE106', 'Present', '2020-10-27', 'p2', '2019CSE001', '1002'),
(346, '19CSE107', 'Present', '2020-10-27', 'p2', '2019CSE001', '1002'),
(347, '19CSE108', 'Present', '2020-10-27', 'p2', '2019CSE001', '1002'),
(348, '19CSE109', 'Present', '2020-10-27', 'p2', '2019CSE001', '1002'),
(349, '19CSE110', 'Present', '2020-10-27', 'p2', '2019CSE001', '1002'),
(350, '19CSE111', 'Present', '2020-10-27', 'p2', '2019CSE001', '1002'),
(351, '19CSE112', 'Present', '2020-10-27', 'p2', '2019CSE001', '1002'),
(352, '19CSE113', 'Present', '2020-10-27', 'p2', '2019CSE001', '1002'),
(353, '19CSE114', 'Present', '2020-10-27', 'p2', '2019CSE001', '1002'),
(354, '19CSE115', 'Present', '2020-10-27', 'p2', '2019CSE001', '1002'),
(355, '19CSE116', 'Present', '2020-10-27', 'p2', '2019CSE001', '1002'),
(356, '19CSE117', 'Present', '2020-10-27', 'p2', '2019CSE001', '1002'),
(357, '19CSE118', 'Present', '2020-10-27', 'p2', '2019CSE001', '1002'),
(358, '19CSE119', 'Present', '2020-10-27', 'p2', '2019CSE001', '1002'),
(359, '19CSE120', 'Present', '2020-10-27', 'p2', '2019CSE001', '1002'),
(360, '19CSE121', 'Present', '2020-10-27', 'p2', '2019CSE001', '1002'),
(361, '19CSE122', 'Present', '2020-10-27', 'p2', '2019CSE001', '1002'),
(362, '19CSE123', 'Present', '2020-10-27', 'p2', '2019CSE001', '1002'),
(363, '19CSE124', 'Present', '2020-10-27', 'p2', '2019CSE001', '1002'),
(364, '19CSE125', 'Present', '2020-10-27', 'p2', '2019CSE001', '1002'),
(365, '19CSE126', 'Present', '2020-10-27', 'p2', '2019CSE001', '1002'),
(366, '19CSE127', 'Present', '2020-10-27', 'p2', '2019CSE001', '1002'),
(367, '19CSE128', 'Present', '2020-10-27', 'p2', '2019CSE001', '1002'),
(368, '19CSE129', 'Absent', '2020-10-27', 'p2', '2019CSE001', '1002'),
(369, '19CSE130', 'Absent', '2020-10-27', 'p2', '2019CSE001', '1002'),
(370, '19CSE101', 'Present', '2020-10-28', 'p2', '2019CSE001', '1002'),
(371, '19CSE102', 'Present', '2020-10-28', 'p2', '2019CSE001', '1002'),
(372, '19CSE103', 'Present', '2020-10-28', 'p2', '2019CSE001', '1002'),
(373, '19CSE104', 'Present', '2020-10-28', 'p2', '2019CSE001', '1002'),
(374, '19CSE105', 'Present', '2020-10-28', 'p2', '2019CSE001', '1002'),
(375, '19CSE106', 'Present', '2020-10-28', 'p2', '2019CSE001', '1002'),
(376, '19CSE107', 'Present', '2020-10-28', 'p2', '2019CSE001', '1002'),
(377, '19CSE108', 'Present', '2020-10-28', 'p2', '2019CSE001', '1002'),
(378, '19CSE109', 'Present', '2020-10-28', 'p2', '2019CSE001', '1002'),
(379, '19CSE110', 'Present', '2020-10-28', 'p2', '2019CSE001', '1002'),
(380, '19CSE111', 'Present', '2020-10-28', 'p2', '2019CSE001', '1002'),
(381, '19CSE112', 'Present', '2020-10-28', 'p2', '2019CSE001', '1002'),
(382, '19CSE113', 'Present', '2020-10-28', 'p2', '2019CSE001', '1002'),
(383, '19CSE114', 'Present', '2020-10-28', 'p2', '2019CSE001', '1002'),
(384, '19CSE115', 'Present', '2020-10-28', 'p2', '2019CSE001', '1002'),
(385, '19CSE116', 'Present', '2020-10-28', 'p2', '2019CSE001', '1002'),
(386, '19CSE117', 'Present', '2020-10-28', 'p2', '2019CSE001', '1002'),
(387, '19CSE118', 'Present', '2020-10-28', 'p2', '2019CSE001', '1002'),
(388, '19CSE119', 'Present', '2020-10-28', 'p2', '2019CSE001', '1002'),
(389, '19CSE120', 'Present', '2020-10-28', 'p2', '2019CSE001', '1002'),
(390, '19CSE121', 'Present', '2020-10-28', 'p2', '2019CSE001', '1002'),
(391, '19CSE122', 'Present', '2020-10-28', 'p2', '2019CSE001', '1002'),
(392, '19CSE123', 'Present', '2020-10-28', 'p2', '2019CSE001', '1002'),
(393, '19CSE124', 'Present', '2020-10-28', 'p2', '2019CSE001', '1002'),
(394, '19CSE125', 'Present', '2020-10-28', 'p2', '2019CSE001', '1002'),
(395, '19CSE126', 'Present', '2020-10-28', 'p2', '2019CSE001', '1002'),
(396, '19CSE127', 'Present', '2020-10-28', 'p2', '2019CSE001', '1002'),
(397, '19CSE128', 'Present', '2020-10-28', 'p2', '2019CSE001', '1002'),
(398, '19CSE129', 'Present', '2020-10-28', 'p2', '2019CSE001', '1002'),
(399, '19CSE130', 'Present', '2020-10-28', 'p2', '2019CSE001', '1002'),
(400, '19CSE131', 'Present', '2020-10-05', 'p1', '2019CSE002', '1002'),
(401, '19CSE132', 'Present', '2020-10-05', 'p1', '2019CSE002', '1002'),
(402, '19CSE133', 'Present', '2020-10-05', 'p1', '2019CSE002', '1002'),
(403, '19CSE134', 'Present', '2020-10-05', 'p1', '2019CSE002', '1002'),
(404, '19CSE135', 'Present', '2020-10-05', 'p1', '2019CSE002', '1002'),
(405, '19CSE136', 'Present', '2020-10-05', 'p1', '2019CSE002', '1002'),
(406, '19CSE137', 'Present', '2020-10-05', 'p1', '2019CSE002', '1002'),
(407, '19CSE138', 'Present', '2020-10-05', 'p1', '2019CSE002', '1002'),
(408, '19CSE139', 'Present', '2020-10-05', 'p1', '2019CSE002', '1002'),
(409, '19CSE140', 'Present', '2020-10-05', 'p1', '2019CSE002', '1002'),
(410, '19CSE141', 'Present', '2020-10-05', 'p1', '2019CSE002', '1002'),
(411, '19CSE142', 'Present', '2020-10-05', 'p1', '2019CSE002', '1002'),
(412, '19CSE143', 'Present', '2020-10-05', 'p1', '2019CSE002', '1002'),
(413, '19CSE144', 'Present', '2020-10-05', 'p1', '2019CSE002', '1002'),
(414, '19CSE145', 'Present', '2020-10-05', 'p1', '2019CSE002', '1002'),
(415, '19CSE146', 'Present', '2020-10-05', 'p1', '2019CSE002', '1002'),
(416, '19CSE147', 'Present', '2020-10-05', 'p1', '2019CSE002', '1002'),
(417, '19CSE148', 'Present', '2020-10-05', 'p1', '2019CSE002', '1002'),
(418, '19CSE149', 'Present', '2020-10-05', 'p1', '2019CSE002', '1002'),
(419, '19CSE150', 'Present', '2020-10-05', 'p1', '2019CSE002', '1002'),
(420, '19CSE151', 'Present', '2020-10-05', 'p1', '2019CSE002', '1002'),
(421, '19CSE152', 'Present', '2020-10-05', 'p1', '2019CSE002', '1002'),
(422, '19CSE153', 'Present', '2020-10-05', 'p1', '2019CSE002', '1002'),
(423, '19CSE154', 'Present', '2020-10-05', 'p1', '2019CSE002', '1002'),
(424, '19CSE155', 'Present', '2020-10-05', 'p1', '2019CSE002', '1002'),
(425, '19CSE156', 'Present', '2020-10-05', 'p1', '2019CSE002', '1002'),
(426, '19CSE157', 'Present', '2020-10-05', 'p1', '2019CSE002', '1002'),
(427, '19CSE158', 'Present', '2020-10-05', 'p1', '2019CSE002', '1002'),
(428, '19CSE159', 'Present', '2020-10-05', 'p1', '2019CSE002', '1002'),
(429, '19CSE160', 'Present', '2020-10-05', 'p1', '2019CSE002', '1002'),
(430, '19CSE131', 'Present', '2020-10-06', 'p1', '2019CSE002', '1002'),
(431, '19CSE132', 'Present', '2020-10-06', 'p1', '2019CSE002', '1002'),
(432, '19CSE133', 'Present', '2020-10-06', 'p1', '2019CSE002', '1002'),
(433, '19CSE134', 'Present', '2020-10-06', 'p1', '2019CSE002', '1002'),
(434, '19CSE135', 'Present', '2020-10-06', 'p1', '2019CSE002', '1002'),
(435, '19CSE136', 'Present', '2020-10-06', 'p1', '2019CSE002', '1002'),
(436, '19CSE137', 'Present', '2020-10-06', 'p1', '2019CSE002', '1002'),
(437, '19CSE138', 'Present', '2020-10-06', 'p1', '2019CSE002', '1002'),
(438, '19CSE139', 'Present', '2020-10-06', 'p1', '2019CSE002', '1002'),
(439, '19CSE140', 'Present', '2020-10-06', 'p1', '2019CSE002', '1002'),
(440, '19CSE141', 'Present', '2020-10-06', 'p1', '2019CSE002', '1002'),
(441, '19CSE142', 'Present', '2020-10-06', 'p1', '2019CSE002', '1002'),
(442, '19CSE143', 'Present', '2020-10-06', 'p1', '2019CSE002', '1002'),
(443, '19CSE144', 'Present', '2020-10-06', 'p1', '2019CSE002', '1002'),
(444, '19CSE145', 'Present', '2020-10-06', 'p1', '2019CSE002', '1002'),
(445, '19CSE146', 'Present', '2020-10-06', 'p1', '2019CSE002', '1002'),
(446, '19CSE147', 'Present', '2020-10-06', 'p1', '2019CSE002', '1002'),
(447, '19CSE148', 'Present', '2020-10-06', 'p1', '2019CSE002', '1002'),
(448, '19CSE149', 'Present', '2020-10-06', 'p1', '2019CSE002', '1002'),
(449, '19CSE150', 'Present', '2020-10-06', 'p1', '2019CSE002', '1002'),
(450, '19CSE151', 'Present', '2020-10-06', 'p1', '2019CSE002', '1002'),
(451, '19CSE152', 'Present', '2020-10-06', 'p1', '2019CSE002', '1002'),
(452, '19CSE153', 'Present', '2020-10-06', 'p1', '2019CSE002', '1002'),
(453, '19CSE154', 'Present', '2020-10-06', 'p1', '2019CSE002', '1002'),
(454, '19CSE155', 'Present', '2020-10-06', 'p1', '2019CSE002', '1002'),
(455, '19CSE156', 'Present', '2020-10-06', 'p1', '2019CSE002', '1002'),
(456, '19CSE157', 'Present', '2020-10-06', 'p1', '2019CSE002', '1002'),
(457, '19CSE158', 'Present', '2020-10-06', 'p1', '2019CSE002', '1002'),
(458, '19CSE159', 'Present', '2020-10-06', 'p1', '2019CSE002', '1002'),
(459, '19CSE160', 'Present', '2020-10-06', 'p1', '2019CSE002', '1002'),
(460, '19CSE131', 'Present', '2020-10-07', 'p1', '2019CSE002', '1002'),
(461, '19CSE132', 'Present', '2020-10-07', 'p1', '2019CSE002', '1002'),
(462, '19CSE133', 'Present', '2020-10-07', 'p1', '2019CSE002', '1002'),
(463, '19CSE134', 'Present', '2020-10-07', 'p1', '2019CSE002', '1002'),
(464, '19CSE135', 'Present', '2020-10-07', 'p1', '2019CSE002', '1002'),
(465, '19CSE136', 'Present', '2020-10-07', 'p1', '2019CSE002', '1002'),
(466, '19CSE137', 'Present', '2020-10-07', 'p1', '2019CSE002', '1002'),
(467, '19CSE138', 'Present', '2020-10-07', 'p1', '2019CSE002', '1002'),
(468, '19CSE139', 'Present', '2020-10-07', 'p1', '2019CSE002', '1002'),
(469, '19CSE140', 'Present', '2020-10-07', 'p1', '2019CSE002', '1002'),
(470, '19CSE141', 'Present', '2020-10-07', 'p1', '2019CSE002', '1002'),
(471, '19CSE142', 'Present', '2020-10-07', 'p1', '2019CSE002', '1002'),
(472, '19CSE143', 'Present', '2020-10-07', 'p1', '2019CSE002', '1002'),
(473, '19CSE144', 'Present', '2020-10-07', 'p1', '2019CSE002', '1002'),
(474, '19CSE145', 'Present', '2020-10-07', 'p1', '2019CSE002', '1002'),
(475, '19CSE146', 'Present', '2020-10-07', 'p1', '2019CSE002', '1002'),
(476, '19CSE147', 'Present', '2020-10-07', 'p1', '2019CSE002', '1002'),
(477, '19CSE148', 'Present', '2020-10-07', 'p1', '2019CSE002', '1002'),
(478, '19CSE149', 'Present', '2020-10-07', 'p1', '2019CSE002', '1002'),
(479, '19CSE150', 'Present', '2020-10-07', 'p1', '2019CSE002', '1002'),
(480, '19CSE151', 'Present', '2020-10-07', 'p1', '2019CSE002', '1002'),
(481, '19CSE152', 'Present', '2020-10-07', 'p1', '2019CSE002', '1002'),
(482, '19CSE153', 'Present', '2020-10-07', 'p1', '2019CSE002', '1002'),
(483, '19CSE154', 'Present', '2020-10-07', 'p1', '2019CSE002', '1002'),
(484, '19CSE155', 'Present', '2020-10-07', 'p1', '2019CSE002', '1002'),
(485, '19CSE156', 'Present', '2020-10-07', 'p1', '2019CSE002', '1002'),
(486, '19CSE157', 'Absent', '2020-10-07', 'p1', '2019CSE002', '1002'),
(487, '19CSE158', 'Absent', '2020-10-07', 'p1', '2019CSE002', '1002'),
(488, '19CSE159', 'Absent', '2020-10-07', 'p1', '2019CSE002', '1002'),
(489, '19CSE160', 'Absent', '2020-10-07', 'p1', '2019CSE002', '1002'),
(490, '19CSE131', 'Present', '2020-10-12', 'p1', '2019CSE002', '1002'),
(491, '19CSE132', 'Present', '2020-10-12', 'p1', '2019CSE002', '1002'),
(492, '19CSE133', 'Present', '2020-10-12', 'p1', '2019CSE002', '1002'),
(493, '19CSE134', 'Present', '2020-10-12', 'p1', '2019CSE002', '1002'),
(494, '19CSE135', 'Present', '2020-10-12', 'p1', '2019CSE002', '1002'),
(495, '19CSE136', 'Present', '2020-10-12', 'p1', '2019CSE002', '1002'),
(496, '19CSE137', 'Present', '2020-10-12', 'p1', '2019CSE002', '1002'),
(497, '19CSE138', 'Present', '2020-10-12', 'p1', '2019CSE002', '1002'),
(498, '19CSE139', 'Present', '2020-10-12', 'p1', '2019CSE002', '1002'),
(499, '19CSE140', 'Present', '2020-10-12', 'p1', '2019CSE002', '1002'),
(500, '19CSE141', 'Present', '2020-10-12', 'p1', '2019CSE002', '1002'),
(501, '19CSE142', 'Present', '2020-10-12', 'p1', '2019CSE002', '1002'),
(502, '19CSE143', 'Present', '2020-10-12', 'p1', '2019CSE002', '1002'),
(503, '19CSE144', 'Present', '2020-10-12', 'p1', '2019CSE002', '1002'),
(504, '19CSE145', 'Present', '2020-10-12', 'p1', '2019CSE002', '1002'),
(505, '19CSE146', 'Present', '2020-10-12', 'p1', '2019CSE002', '1002'),
(506, '19CSE147', 'Present', '2020-10-12', 'p1', '2019CSE002', '1002'),
(507, '19CSE148', 'Present', '2020-10-12', 'p1', '2019CSE002', '1002'),
(508, '19CSE149', 'Present', '2020-10-12', 'p1', '2019CSE002', '1002'),
(509, '19CSE150', 'Present', '2020-10-12', 'p1', '2019CSE002', '1002'),
(510, '19CSE151', 'Present', '2020-10-12', 'p1', '2019CSE002', '1002'),
(511, '19CSE152', 'Present', '2020-10-12', 'p1', '2019CSE002', '1002'),
(512, '19CSE153', 'Present', '2020-10-12', 'p1', '2019CSE002', '1002'),
(513, '19CSE154', 'Present', '2020-10-12', 'p1', '2019CSE002', '1002'),
(514, '19CSE155', 'Present', '2020-10-12', 'p1', '2019CSE002', '1002'),
(515, '19CSE156', 'Present', '2020-10-12', 'p1', '2019CSE002', '1002'),
(516, '19CSE157', 'Present', '2020-10-12', 'p1', '2019CSE002', '1002'),
(517, '19CSE158', 'Present', '2020-10-12', 'p1', '2019CSE002', '1002'),
(518, '19CSE159', 'Present', '2020-10-12', 'p1', '2019CSE002', '1002'),
(519, '19CSE160', 'Present', '2020-10-12', 'p1', '2019CSE002', '1002'),
(520, '19CSE131', 'Present', '2020-10-13', 'p1', '2019CSE002', '1002'),
(521, '19CSE132', 'Present', '2020-10-13', 'p1', '2019CSE002', '1002'),
(522, '19CSE133', 'Present', '2020-10-13', 'p1', '2019CSE002', '1002'),
(523, '19CSE134', 'Present', '2020-10-13', 'p1', '2019CSE002', '1002'),
(524, '19CSE135', 'Present', '2020-10-13', 'p1', '2019CSE002', '1002'),
(525, '19CSE136', 'Present', '2020-10-13', 'p1', '2019CSE002', '1002'),
(526, '19CSE137', 'Present', '2020-10-13', 'p1', '2019CSE002', '1002'),
(527, '19CSE138', 'Present', '2020-10-13', 'p1', '2019CSE002', '1002'),
(528, '19CSE139', 'Present', '2020-10-13', 'p1', '2019CSE002', '1002'),
(529, '19CSE140', 'Present', '2020-10-13', 'p1', '2019CSE002', '1002'),
(530, '19CSE141', 'Present', '2020-10-13', 'p1', '2019CSE002', '1002'),
(531, '19CSE142', 'Present', '2020-10-13', 'p1', '2019CSE002', '1002'),
(532, '19CSE143', 'Present', '2020-10-13', 'p1', '2019CSE002', '1002'),
(533, '19CSE144', 'Present', '2020-10-13', 'p1', '2019CSE002', '1002'),
(534, '19CSE145', 'Present', '2020-10-13', 'p1', '2019CSE002', '1002'),
(535, '19CSE146', 'Present', '2020-10-13', 'p1', '2019CSE002', '1002'),
(536, '19CSE147', 'Present', '2020-10-13', 'p1', '2019CSE002', '1002'),
(537, '19CSE148', 'Present', '2020-10-13', 'p1', '2019CSE002', '1002'),
(538, '19CSE149', 'Present', '2020-10-13', 'p1', '2019CSE002', '1002'),
(539, '19CSE150', 'Present', '2020-10-13', 'p1', '2019CSE002', '1002'),
(540, '19CSE151', 'Present', '2020-10-13', 'p1', '2019CSE002', '1002'),
(541, '19CSE152', 'Present', '2020-10-13', 'p1', '2019CSE002', '1002'),
(542, '19CSE153', 'Present', '2020-10-13', 'p1', '2019CSE002', '1002'),
(543, '19CSE154', 'Present', '2020-10-13', 'p1', '2019CSE002', '1002'),
(544, '19CSE155', 'Present', '2020-10-13', 'p1', '2019CSE002', '1002'),
(545, '19CSE156', 'Present', '2020-10-13', 'p1', '2019CSE002', '1002'),
(546, '19CSE157', 'Present', '2020-10-13', 'p1', '2019CSE002', '1002'),
(547, '19CSE158', 'Present', '2020-10-13', 'p1', '2019CSE002', '1002'),
(548, '19CSE159', 'Present', '2020-10-13', 'p1', '2019CSE002', '1002'),
(549, '19CSE160', 'Present', '2020-10-13', 'p1', '2019CSE002', '1002'),
(550, '19CSE131', 'Present', '2020-10-14', 'p1', '2019CSE002', '1002'),
(551, '19CSE132', 'Present', '2020-10-14', 'p1', '2019CSE002', '1002'),
(552, '19CSE133', 'Present', '2020-10-14', 'p1', '2019CSE002', '1002'),
(553, '19CSE134', 'Present', '2020-10-14', 'p1', '2019CSE002', '1002'),
(554, '19CSE135', 'Present', '2020-10-14', 'p1', '2019CSE002', '1002'),
(555, '19CSE136', 'Present', '2020-10-14', 'p1', '2019CSE002', '1002'),
(556, '19CSE137', 'Present', '2020-10-14', 'p1', '2019CSE002', '1002'),
(557, '19CSE138', 'Present', '2020-10-14', 'p1', '2019CSE002', '1002'),
(558, '19CSE139', 'Present', '2020-10-14', 'p1', '2019CSE002', '1002'),
(559, '19CSE140', 'Present', '2020-10-14', 'p1', '2019CSE002', '1002'),
(560, '19CSE141', 'Present', '2020-10-14', 'p1', '2019CSE002', '1002'),
(561, '19CSE142', 'Present', '2020-10-14', 'p1', '2019CSE002', '1002'),
(562, '19CSE143', 'Present', '2020-10-14', 'p1', '2019CSE002', '1002'),
(563, '19CSE144', 'Present', '2020-10-14', 'p1', '2019CSE002', '1002'),
(564, '19CSE145', 'Present', '2020-10-14', 'p1', '2019CSE002', '1002'),
(565, '19CSE146', 'Present', '2020-10-14', 'p1', '2019CSE002', '1002'),
(566, '19CSE147', 'Present', '2020-10-14', 'p1', '2019CSE002', '1002'),
(567, '19CSE148', 'Present', '2020-10-14', 'p1', '2019CSE002', '1002'),
(568, '19CSE149', 'Present', '2020-10-14', 'p1', '2019CSE002', '1002'),
(569, '19CSE150', 'Present', '2020-10-14', 'p1', '2019CSE002', '1002'),
(570, '19CSE151', 'Present', '2020-10-14', 'p1', '2019CSE002', '1002'),
(571, '19CSE152', 'Present', '2020-10-14', 'p1', '2019CSE002', '1002'),
(572, '19CSE153', 'Present', '2020-10-14', 'p1', '2019CSE002', '1002'),
(573, '19CSE154', 'Present', '2020-10-14', 'p1', '2019CSE002', '1002'),
(574, '19CSE155', 'Present', '2020-10-14', 'p1', '2019CSE002', '1002'),
(575, '19CSE156', 'Present', '2020-10-14', 'p1', '2019CSE002', '1002'),
(576, '19CSE157', 'Present', '2020-10-14', 'p1', '2019CSE002', '1002'),
(577, '19CSE158', 'Present', '2020-10-14', 'p1', '2019CSE002', '1002'),
(578, '19CSE159', 'Present', '2020-10-14', 'p1', '2019CSE002', '1002'),
(579, '19CSE160', 'Present', '2020-10-14', 'p1', '2019CSE002', '1002'),
(580, '19CSE131', 'Present', '2020-10-19', 'p1', '2019CSE002', '1002'),
(581, '19CSE132', 'Present', '2020-10-19', 'p1', '2019CSE002', '1002'),
(582, '19CSE133', 'Present', '2020-10-19', 'p1', '2019CSE002', '1002'),
(583, '19CSE134', 'Present', '2020-10-19', 'p1', '2019CSE002', '1002'),
(584, '19CSE135', 'Present', '2020-10-19', 'p1', '2019CSE002', '1002'),
(585, '19CSE136', 'Present', '2020-10-19', 'p1', '2019CSE002', '1002'),
(586, '19CSE137', 'Present', '2020-10-19', 'p1', '2019CSE002', '1002'),
(587, '19CSE138', 'Present', '2020-10-19', 'p1', '2019CSE002', '1002'),
(588, '19CSE139', 'Present', '2020-10-19', 'p1', '2019CSE002', '1002'),
(589, '19CSE140', 'Present', '2020-10-19', 'p1', '2019CSE002', '1002'),
(590, '19CSE141', 'Present', '2020-10-19', 'p1', '2019CSE002', '1002'),
(591, '19CSE142', 'Present', '2020-10-19', 'p1', '2019CSE002', '1002'),
(592, '19CSE143', 'Present', '2020-10-19', 'p1', '2019CSE002', '1002'),
(593, '19CSE144', 'Present', '2020-10-19', 'p1', '2019CSE002', '1002'),
(594, '19CSE145', 'Present', '2020-10-19', 'p1', '2019CSE002', '1002'),
(595, '19CSE146', 'Present', '2020-10-19', 'p1', '2019CSE002', '1002'),
(596, '19CSE147', 'Present', '2020-10-19', 'p1', '2019CSE002', '1002'),
(597, '19CSE148', 'Present', '2020-10-19', 'p1', '2019CSE002', '1002'),
(598, '19CSE149', 'Present', '2020-10-19', 'p1', '2019CSE002', '1002'),
(599, '19CSE150', 'Present', '2020-10-19', 'p1', '2019CSE002', '1002'),
(600, '19CSE151', 'Present', '2020-10-19', 'p1', '2019CSE002', '1002'),
(601, '19CSE152', 'Present', '2020-10-19', 'p1', '2019CSE002', '1002'),
(602, '19CSE153', 'Present', '2020-10-19', 'p1', '2019CSE002', '1002'),
(603, '19CSE154', 'Present', '2020-10-19', 'p1', '2019CSE002', '1002'),
(604, '19CSE155', 'Present', '2020-10-19', 'p1', '2019CSE002', '1002'),
(605, '19CSE156', 'Present', '2020-10-19', 'p1', '2019CSE002', '1002'),
(606, '19CSE157', 'Present', '2020-10-19', 'p1', '2019CSE002', '1002'),
(607, '19CSE158', 'Present', '2020-10-19', 'p1', '2019CSE002', '1002'),
(608, '19CSE159', 'Present', '2020-10-19', 'p1', '2019CSE002', '1002'),
(609, '19CSE160', 'Present', '2020-10-19', 'p1', '2019CSE002', '1002'),
(610, '19CSE131', 'Present', '2020-10-20', 'p1', '2019CSE002', '1002'),
(611, '19CSE132', 'Present', '2020-10-20', 'p1', '2019CSE002', '1002'),
(612, '19CSE133', 'Present', '2020-10-20', 'p1', '2019CSE002', '1002'),
(613, '19CSE134', 'Present', '2020-10-20', 'p1', '2019CSE002', '1002'),
(614, '19CSE135', 'Present', '2020-10-20', 'p1', '2019CSE002', '1002'),
(615, '19CSE136', 'Present', '2020-10-20', 'p1', '2019CSE002', '1002'),
(616, '19CSE137', 'Present', '2020-10-20', 'p1', '2019CSE002', '1002'),
(617, '19CSE138', 'Present', '2020-10-20', 'p1', '2019CSE002', '1002'),
(618, '19CSE139', 'Present', '2020-10-20', 'p1', '2019CSE002', '1002'),
(619, '19CSE140', 'Present', '2020-10-20', 'p1', '2019CSE002', '1002'),
(620, '19CSE141', 'Present', '2020-10-20', 'p1', '2019CSE002', '1002'),
(621, '19CSE142', 'Present', '2020-10-20', 'p1', '2019CSE002', '1002'),
(622, '19CSE143', 'Present', '2020-10-20', 'p1', '2019CSE002', '1002'),
(623, '19CSE144', 'Present', '2020-10-20', 'p1', '2019CSE002', '1002'),
(624, '19CSE145', 'Present', '2020-10-20', 'p1', '2019CSE002', '1002'),
(625, '19CSE146', 'Present', '2020-10-20', 'p1', '2019CSE002', '1002'),
(626, '19CSE147', 'Present', '2020-10-20', 'p1', '2019CSE002', '1002'),
(627, '19CSE148', 'Present', '2020-10-20', 'p1', '2019CSE002', '1002'),
(628, '19CSE149', 'Present', '2020-10-20', 'p1', '2019CSE002', '1002'),
(629, '19CSE150', 'Present', '2020-10-20', 'p1', '2019CSE002', '1002'),
(630, '19CSE151', 'Present', '2020-10-20', 'p1', '2019CSE002', '1002'),
(631, '19CSE152', 'Present', '2020-10-20', 'p1', '2019CSE002', '1002'),
(632, '19CSE153', 'Present', '2020-10-20', 'p1', '2019CSE002', '1002'),
(633, '19CSE154', 'Present', '2020-10-20', 'p1', '2019CSE002', '1002'),
(634, '19CSE155', 'Present', '2020-10-20', 'p1', '2019CSE002', '1002'),
(635, '19CSE156', 'Present', '2020-10-20', 'p1', '2019CSE002', '1002'),
(636, '19CSE157', 'Present', '2020-10-20', 'p1', '2019CSE002', '1002'),
(637, '19CSE158', 'Present', '2020-10-20', 'p1', '2019CSE002', '1002'),
(638, '19CSE159', 'Present', '2020-10-20', 'p1', '2019CSE002', '1002'),
(639, '19CSE160', 'Present', '2020-10-20', 'p1', '2019CSE002', '1002'),
(640, '19CSE131', 'Present', '2020-10-21', 'p1', '2019CSE002', '1002'),
(641, '19CSE132', 'Present', '2020-10-21', 'p1', '2019CSE002', '1002'),
(642, '19CSE133', 'Present', '2020-10-21', 'p1', '2019CSE002', '1002'),
(643, '19CSE134', 'Present', '2020-10-21', 'p1', '2019CSE002', '1002'),
(644, '19CSE135', 'Present', '2020-10-21', 'p1', '2019CSE002', '1002'),
(645, '19CSE136', 'Present', '2020-10-21', 'p1', '2019CSE002', '1002'),
(646, '19CSE137', 'Present', '2020-10-21', 'p1', '2019CSE002', '1002'),
(647, '19CSE138', 'Present', '2020-10-21', 'p1', '2019CSE002', '1002'),
(648, '19CSE139', 'Present', '2020-10-21', 'p1', '2019CSE002', '1002'),
(649, '19CSE140', 'Present', '2020-10-21', 'p1', '2019CSE002', '1002'),
(650, '19CSE141', 'Present', '2020-10-21', 'p1', '2019CSE002', '1002'),
(651, '19CSE142', 'Present', '2020-10-21', 'p1', '2019CSE002', '1002'),
(652, '19CSE143', 'Present', '2020-10-21', 'p1', '2019CSE002', '1002'),
(653, '19CSE144', 'Present', '2020-10-21', 'p1', '2019CSE002', '1002'),
(654, '19CSE145', 'Present', '2020-10-21', 'p1', '2019CSE002', '1002'),
(655, '19CSE146', 'Present', '2020-10-21', 'p1', '2019CSE002', '1002'),
(656, '19CSE147', 'Present', '2020-10-21', 'p1', '2019CSE002', '1002'),
(657, '19CSE148', 'Present', '2020-10-21', 'p1', '2019CSE002', '1002'),
(658, '19CSE149', 'Present', '2020-10-21', 'p1', '2019CSE002', '1002'),
(659, '19CSE150', 'Present', '2020-10-21', 'p1', '2019CSE002', '1002'),
(660, '19CSE151', 'Present', '2020-10-21', 'p1', '2019CSE002', '1002'),
(661, '19CSE152', 'Present', '2020-10-21', 'p1', '2019CSE002', '1002'),
(662, '19CSE153', 'Present', '2020-10-21', 'p1', '2019CSE002', '1002'),
(663, '19CSE154', 'Present', '2020-10-21', 'p1', '2019CSE002', '1002'),
(664, '19CSE155', 'Present', '2020-10-21', 'p1', '2019CSE002', '1002'),
(665, '19CSE156', 'Present', '2020-10-21', 'p1', '2019CSE002', '1002'),
(666, '19CSE157', 'Present', '2020-10-21', 'p1', '2019CSE002', '1002'),
(667, '19CSE158', 'Present', '2020-10-21', 'p1', '2019CSE002', '1002'),
(668, '19CSE159', 'Present', '2020-10-21', 'p1', '2019CSE002', '1002'),
(669, '19CSE160', 'Present', '2020-10-21', 'p1', '2019CSE002', '1002'),
(670, '19CSE131', 'Present', '2020-10-26', 'p1', '2019CSE002', '1002'),
(671, '19CSE132', 'Present', '2020-10-26', 'p1', '2019CSE002', '1002'),
(672, '19CSE133', 'Present', '2020-10-26', 'p1', '2019CSE002', '1002'),
(673, '19CSE134', 'Present', '2020-10-26', 'p1', '2019CSE002', '1002'),
(674, '19CSE135', 'Present', '2020-10-26', 'p1', '2019CSE002', '1002'),
(675, '19CSE136', 'Present', '2020-10-26', 'p1', '2019CSE002', '1002'),
(676, '19CSE137', 'Present', '2020-10-26', 'p1', '2019CSE002', '1002'),
(677, '19CSE138', 'Present', '2020-10-26', 'p1', '2019CSE002', '1002'),
(678, '19CSE139', 'Present', '2020-10-26', 'p1', '2019CSE002', '1002'),
(679, '19CSE140', 'Present', '2020-10-26', 'p1', '2019CSE002', '1002'),
(680, '19CSE141', 'Present', '2020-10-26', 'p1', '2019CSE002', '1002'),
(681, '19CSE142', 'Present', '2020-10-26', 'p1', '2019CSE002', '1002'),
(682, '19CSE143', 'Present', '2020-10-26', 'p1', '2019CSE002', '1002'),
(683, '19CSE144', 'Present', '2020-10-26', 'p1', '2019CSE002', '1002'),
(684, '19CSE145', 'Present', '2020-10-26', 'p1', '2019CSE002', '1002'),
(685, '19CSE146', 'Present', '2020-10-26', 'p1', '2019CSE002', '1002'),
(686, '19CSE147', 'Present', '2020-10-26', 'p1', '2019CSE002', '1002'),
(687, '19CSE148', 'Present', '2020-10-26', 'p1', '2019CSE002', '1002'),
(688, '19CSE149', 'Present', '2020-10-26', 'p1', '2019CSE002', '1002'),
(689, '19CSE150', 'Present', '2020-10-26', 'p1', '2019CSE002', '1002'),
(690, '19CSE151', 'Present', '2020-10-26', 'p1', '2019CSE002', '1002'),
(691, '19CSE152', 'Present', '2020-10-26', 'p1', '2019CSE002', '1002'),
(692, '19CSE153', 'Present', '2020-10-26', 'p1', '2019CSE002', '1002'),
(693, '19CSE154', 'Present', '2020-10-26', 'p1', '2019CSE002', '1002'),
(694, '19CSE155', 'Present', '2020-10-26', 'p1', '2019CSE002', '1002'),
(695, '19CSE156', 'Present', '2020-10-26', 'p1', '2019CSE002', '1002'),
(696, '19CSE157', 'Present', '2020-10-26', 'p1', '2019CSE002', '1002'),
(697, '19CSE158', 'Absent', '2020-10-26', 'p1', '2019CSE002', '1002'),
(698, '19CSE159', 'Absent', '2020-10-26', 'p1', '2019CSE002', '1002'),
(699, '19CSE160', 'Absent', '2020-10-26', 'p1', '2019CSE002', '1002'),
(700, '19CSE131', 'Present', '2020-10-27', 'p1', '2019CSE002', '1002'),
(701, '19CSE132', 'Present', '2020-10-27', 'p1', '2019CSE002', '1002'),
(702, '19CSE133', 'Present', '2020-10-27', 'p1', '2019CSE002', '1002'),
(703, '19CSE134', 'Present', '2020-10-27', 'p1', '2019CSE002', '1002'),
(704, '19CSE135', 'Present', '2020-10-27', 'p1', '2019CSE002', '1002'),
(705, '19CSE136', 'Present', '2020-10-27', 'p1', '2019CSE002', '1002'),
(706, '19CSE137', 'Present', '2020-10-27', 'p1', '2019CSE002', '1002'),
(707, '19CSE138', 'Present', '2020-10-27', 'p1', '2019CSE002', '1002'),
(708, '19CSE139', 'Present', '2020-10-27', 'p1', '2019CSE002', '1002'),
(709, '19CSE140', 'Present', '2020-10-27', 'p1', '2019CSE002', '1002'),
(710, '19CSE141', 'Present', '2020-10-27', 'p1', '2019CSE002', '1002'),
(711, '19CSE142', 'Present', '2020-10-27', 'p1', '2019CSE002', '1002'),
(712, '19CSE143', 'Present', '2020-10-27', 'p1', '2019CSE002', '1002'),
(713, '19CSE144', 'Present', '2020-10-27', 'p1', '2019CSE002', '1002'),
(714, '19CSE145', 'Present', '2020-10-27', 'p1', '2019CSE002', '1002'),
(715, '19CSE146', 'Present', '2020-10-27', 'p1', '2019CSE002', '1002'),
(716, '19CSE147', 'Present', '2020-10-27', 'p1', '2019CSE002', '1002'),
(717, '19CSE148', 'Present', '2020-10-27', 'p1', '2019CSE002', '1002'),
(718, '19CSE149', 'Present', '2020-10-27', 'p1', '2019CSE002', '1002'),
(719, '19CSE150', 'Present', '2020-10-27', 'p1', '2019CSE002', '1002'),
(720, '19CSE151', 'Present', '2020-10-27', 'p1', '2019CSE002', '1002'),
(721, '19CSE152', 'Present', '2020-10-27', 'p1', '2019CSE002', '1002'),
(722, '19CSE153', 'Present', '2020-10-27', 'p1', '2019CSE002', '1002'),
(723, '19CSE154', 'Present', '2020-10-27', 'p1', '2019CSE002', '1002'),
(724, '19CSE155', 'Present', '2020-10-27', 'p1', '2019CSE002', '1002'),
(725, '19CSE156', 'Present', '2020-10-27', 'p1', '2019CSE002', '1002'),
(726, '19CSE157', 'Present', '2020-10-27', 'p1', '2019CSE002', '1002'),
(727, '19CSE158', 'Present', '2020-10-27', 'p1', '2019CSE002', '1002'),
(728, '19CSE159', 'Present', '2020-10-27', 'p1', '2019CSE002', '1002'),
(729, '19CSE160', 'Present', '2020-10-27', 'p1', '2019CSE002', '1002'),
(730, '19CSE131', 'Present', '2020-10-28', 'p1', '2019CSE002', '1002'),
(731, '19CSE132', 'Present', '2020-10-28', 'p1', '2019CSE002', '1002'),
(732, '19CSE133', 'Present', '2020-10-28', 'p1', '2019CSE002', '1002'),
(733, '19CSE134', 'Present', '2020-10-28', 'p1', '2019CSE002', '1002'),
(734, '19CSE135', 'Present', '2020-10-28', 'p1', '2019CSE002', '1002'),
(735, '19CSE136', 'Present', '2020-10-28', 'p1', '2019CSE002', '1002'),
(736, '19CSE137', 'Present', '2020-10-28', 'p1', '2019CSE002', '1002'),
(737, '19CSE138', 'Present', '2020-10-28', 'p1', '2019CSE002', '1002'),
(738, '19CSE139', 'Present', '2020-10-28', 'p1', '2019CSE002', '1002'),
(739, '19CSE140', 'Present', '2020-10-28', 'p1', '2019CSE002', '1002'),
(740, '19CSE141', 'Present', '2020-10-28', 'p1', '2019CSE002', '1002'),
(741, '19CSE142', 'Present', '2020-10-28', 'p1', '2019CSE002', '1002'),
(742, '19CSE143', 'Present', '2020-10-28', 'p1', '2019CSE002', '1002'),
(743, '19CSE144', 'Present', '2020-10-28', 'p1', '2019CSE002', '1002'),
(744, '19CSE145', 'Present', '2020-10-28', 'p1', '2019CSE002', '1002'),
(745, '19CSE146', 'Present', '2020-10-28', 'p1', '2019CSE002', '1002'),
(746, '19CSE147', 'Present', '2020-10-28', 'p1', '2019CSE002', '1002'),
(747, '19CSE148', 'Present', '2020-10-28', 'p1', '2019CSE002', '1002'),
(748, '19CSE149', 'Present', '2020-10-28', 'p1', '2019CSE002', '1002'),
(749, '19CSE150', 'Present', '2020-10-28', 'p1', '2019CSE002', '1002'),
(750, '19CSE151', 'Present', '2020-10-28', 'p1', '2019CSE002', '1002'),
(751, '19CSE152', 'Present', '2020-10-28', 'p1', '2019CSE002', '1002'),
(752, '19CSE153', 'Present', '2020-10-28', 'p1', '2019CSE002', '1002'),
(753, '19CSE154', 'Present', '2020-10-28', 'p1', '2019CSE002', '1002');
INSERT INTO `attendance` (`id`, `stu_id`, `status`, `date`, `slot`, `group_id`, `fac_id`) VALUES
(754, '19CSE155', 'Present', '2020-10-28', 'p1', '2019CSE002', '1002'),
(755, '19CSE156', 'Present', '2020-10-28', 'p1', '2019CSE002', '1002'),
(756, '19CSE157', 'Present', '2020-10-28', 'p1', '2019CSE002', '1002'),
(757, '19CSE158', 'Present', '2020-10-28', 'p1', '2019CSE002', '1002'),
(758, '19CSE159', 'Present', '2020-10-28', 'p1', '2019CSE002', '1002'),
(759, '19CSE160', 'Present', '2020-10-28', 'p1', '2019CSE002', '1002'),
(760, '19CSE101', 'Present', '2020-10-05', 'l1', '2019CSE001', '1002'),
(761, '19CSE102', 'Present', '2020-10-05', 'l1', '2019CSE001', '1002'),
(762, '19CSE103', 'Present', '2020-10-05', 'l1', '2019CSE001', '1002'),
(763, '19CSE104', 'Present', '2020-10-05', 'l1', '2019CSE001', '1002'),
(764, '19CSE105', 'Present', '2020-10-05', 'l1', '2019CSE001', '1002'),
(765, '19CSE106', 'Present', '2020-10-05', 'l1', '2019CSE001', '1002'),
(766, '19CSE107', 'Present', '2020-10-05', 'l1', '2019CSE001', '1002'),
(767, '19CSE108', 'Present', '2020-10-05', 'l1', '2019CSE001', '1002'),
(768, '19CSE109', 'Present', '2020-10-05', 'l1', '2019CSE001', '1002'),
(769, '19CSE110', 'Present', '2020-10-05', 'l1', '2019CSE001', '1002'),
(770, '19CSE111', 'Present', '2020-10-05', 'l1', '2019CSE001', '1002'),
(771, '19CSE112', 'Present', '2020-10-05', 'l1', '2019CSE001', '1002'),
(772, '19CSE113', 'Present', '2020-10-05', 'l1', '2019CSE001', '1002'),
(773, '19CSE114', 'Present', '2020-10-05', 'l1', '2019CSE001', '1002'),
(774, '19CSE115', 'Present', '2020-10-05', 'l1', '2019CSE001', '1002'),
(775, '19CSE116', 'Present', '2020-10-05', 'l1', '2019CSE001', '1002'),
(776, '19CSE117', 'Present', '2020-10-05', 'l1', '2019CSE001', '1002'),
(777, '19CSE118', 'Present', '2020-10-05', 'l1', '2019CSE001', '1002'),
(778, '19CSE119', 'Present', '2020-10-05', 'l1', '2019CSE001', '1002'),
(779, '19CSE120', 'Present', '2020-10-05', 'l1', '2019CSE001', '1002'),
(780, '19CSE121', 'Present', '2020-10-05', 'l1', '2019CSE001', '1002'),
(781, '19CSE122', 'Present', '2020-10-05', 'l1', '2019CSE001', '1002'),
(782, '19CSE123', 'Present', '2020-10-05', 'l1', '2019CSE001', '1002'),
(783, '19CSE124', 'Present', '2020-10-05', 'l1', '2019CSE001', '1002'),
(784, '19CSE125', 'Present', '2020-10-05', 'l1', '2019CSE001', '1002'),
(785, '19CSE126', 'Present', '2020-10-05', 'l1', '2019CSE001', '1002'),
(786, '19CSE127', 'Present', '2020-10-05', 'l1', '2019CSE001', '1002'),
(787, '19CSE128', 'Present', '2020-10-05', 'l1', '2019CSE001', '1002'),
(788, '19CSE129', 'Present', '2020-10-05', 'l1', '2019CSE001', '1002'),
(789, '19CSE130', 'Present', '2020-10-05', 'l1', '2019CSE001', '1002'),
(790, '19CSE101', 'Present', '2020-10-12', 'l1', '2019CSE001', '1002'),
(791, '19CSE102', 'Present', '2020-10-12', 'l1', '2019CSE001', '1002'),
(792, '19CSE103', 'Present', '2020-10-12', 'l1', '2019CSE001', '1002'),
(793, '19CSE104', 'Present', '2020-10-12', 'l1', '2019CSE001', '1002'),
(794, '19CSE105', 'Present', '2020-10-12', 'l1', '2019CSE001', '1002'),
(795, '19CSE106', 'Present', '2020-10-12', 'l1', '2019CSE001', '1002'),
(796, '19CSE107', 'Present', '2020-10-12', 'l1', '2019CSE001', '1002'),
(797, '19CSE108', 'Present', '2020-10-12', 'l1', '2019CSE001', '1002'),
(798, '19CSE109', 'Present', '2020-10-12', 'l1', '2019CSE001', '1002'),
(799, '19CSE110', 'Present', '2020-10-12', 'l1', '2019CSE001', '1002'),
(800, '19CSE111', 'Present', '2020-10-12', 'l1', '2019CSE001', '1002'),
(801, '19CSE112', 'Present', '2020-10-12', 'l1', '2019CSE001', '1002'),
(802, '19CSE113', 'Present', '2020-10-12', 'l1', '2019CSE001', '1002'),
(803, '19CSE114', 'Present', '2020-10-12', 'l1', '2019CSE001', '1002'),
(804, '19CSE115', 'Present', '2020-10-12', 'l1', '2019CSE001', '1002'),
(805, '19CSE116', 'Present', '2020-10-12', 'l1', '2019CSE001', '1002'),
(806, '19CSE117', 'Present', '2020-10-12', 'l1', '2019CSE001', '1002'),
(807, '19CSE118', 'Present', '2020-10-12', 'l1', '2019CSE001', '1002'),
(808, '19CSE119', 'Present', '2020-10-12', 'l1', '2019CSE001', '1002'),
(809, '19CSE120', 'Present', '2020-10-12', 'l1', '2019CSE001', '1002'),
(810, '19CSE121', 'Present', '2020-10-12', 'l1', '2019CSE001', '1002'),
(811, '19CSE122', 'Present', '2020-10-12', 'l1', '2019CSE001', '1002'),
(812, '19CSE123', 'Present', '2020-10-12', 'l1', '2019CSE001', '1002'),
(813, '19CSE124', 'Present', '2020-10-12', 'l1', '2019CSE001', '1002'),
(814, '19CSE125', 'Present', '2020-10-12', 'l1', '2019CSE001', '1002'),
(815, '19CSE126', 'Present', '2020-10-12', 'l1', '2019CSE001', '1002'),
(816, '19CSE127', 'Present', '2020-10-12', 'l1', '2019CSE001', '1002'),
(817, '19CSE128', 'Present', '2020-10-12', 'l1', '2019CSE001', '1002'),
(818, '19CSE129', 'Present', '2020-10-12', 'l1', '2019CSE001', '1002'),
(819, '19CSE130', 'Present', '2020-10-12', 'l1', '2019CSE001', '1002'),
(820, '19CSE101', 'Present', '2020-10-19', 'l1', '2019CSE001', '1002'),
(821, '19CSE102', 'Present', '2020-10-19', 'l1', '2019CSE001', '1002'),
(822, '19CSE103', 'Present', '2020-10-19', 'l1', '2019CSE001', '1002'),
(823, '19CSE104', 'Present', '2020-10-19', 'l1', '2019CSE001', '1002'),
(824, '19CSE105', 'Present', '2020-10-19', 'l1', '2019CSE001', '1002'),
(825, '19CSE106', 'Present', '2020-10-19', 'l1', '2019CSE001', '1002'),
(826, '19CSE107', 'Present', '2020-10-19', 'l1', '2019CSE001', '1002'),
(827, '19CSE108', 'Present', '2020-10-19', 'l1', '2019CSE001', '1002'),
(828, '19CSE109', 'Present', '2020-10-19', 'l1', '2019CSE001', '1002'),
(829, '19CSE110', 'Present', '2020-10-19', 'l1', '2019CSE001', '1002'),
(830, '19CSE111', 'Present', '2020-10-19', 'l1', '2019CSE001', '1002'),
(831, '19CSE112', 'Present', '2020-10-19', 'l1', '2019CSE001', '1002'),
(832, '19CSE113', 'Present', '2020-10-19', 'l1', '2019CSE001', '1002'),
(833, '19CSE114', 'Present', '2020-10-19', 'l1', '2019CSE001', '1002'),
(834, '19CSE115', 'Present', '2020-10-19', 'l1', '2019CSE001', '1002'),
(835, '19CSE116', 'Present', '2020-10-19', 'l1', '2019CSE001', '1002'),
(836, '19CSE117', 'Present', '2020-10-19', 'l1', '2019CSE001', '1002'),
(837, '19CSE118', 'Present', '2020-10-19', 'l1', '2019CSE001', '1002'),
(838, '19CSE119', 'Present', '2020-10-19', 'l1', '2019CSE001', '1002'),
(839, '19CSE120', 'Present', '2020-10-19', 'l1', '2019CSE001', '1002'),
(840, '19CSE121', 'Present', '2020-10-19', 'l1', '2019CSE001', '1002'),
(841, '19CSE122', 'Present', '2020-10-19', 'l1', '2019CSE001', '1002'),
(842, '19CSE123', 'Present', '2020-10-19', 'l1', '2019CSE001', '1002'),
(843, '19CSE124', 'Present', '2020-10-19', 'l1', '2019CSE001', '1002'),
(844, '19CSE125', 'Present', '2020-10-19', 'l1', '2019CSE001', '1002'),
(845, '19CSE126', 'Present', '2020-10-19', 'l1', '2019CSE001', '1002'),
(846, '19CSE127', 'Present', '2020-10-19', 'l1', '2019CSE001', '1002'),
(847, '19CSE128', 'Present', '2020-10-19', 'l1', '2019CSE001', '1002'),
(848, '19CSE129', 'Present', '2020-10-19', 'l1', '2019CSE001', '1002'),
(849, '19CSE130', 'Present', '2020-10-19', 'l1', '2019CSE001', '1002'),
(850, '19CSE101', 'Present', '2020-10-26', 'l1', '2019CSE001', '1002'),
(851, '19CSE102', 'Present', '2020-10-26', 'l1', '2019CSE001', '1002'),
(852, '19CSE103', 'Present', '2020-10-26', 'l1', '2019CSE001', '1002'),
(853, '19CSE104', 'Present', '2020-10-26', 'l1', '2019CSE001', '1002'),
(854, '19CSE105', 'Present', '2020-10-26', 'l1', '2019CSE001', '1002'),
(855, '19CSE106', 'Present', '2020-10-26', 'l1', '2019CSE001', '1002'),
(856, '19CSE107', 'Present', '2020-10-26', 'l1', '2019CSE001', '1002'),
(857, '19CSE108', 'Present', '2020-10-26', 'l1', '2019CSE001', '1002'),
(858, '19CSE109', 'Present', '2020-10-26', 'l1', '2019CSE001', '1002'),
(859, '19CSE110', 'Present', '2020-10-26', 'l1', '2019CSE001', '1002'),
(860, '19CSE111', 'Present', '2020-10-26', 'l1', '2019CSE001', '1002'),
(861, '19CSE112', 'Present', '2020-10-26', 'l1', '2019CSE001', '1002'),
(862, '19CSE113', 'Present', '2020-10-26', 'l1', '2019CSE001', '1002'),
(863, '19CSE114', 'Present', '2020-10-26', 'l1', '2019CSE001', '1002'),
(864, '19CSE115', 'Present', '2020-10-26', 'l1', '2019CSE001', '1002'),
(865, '19CSE116', 'Present', '2020-10-26', 'l1', '2019CSE001', '1002'),
(866, '19CSE117', 'Present', '2020-10-26', 'l1', '2019CSE001', '1002'),
(867, '19CSE118', 'Present', '2020-10-26', 'l1', '2019CSE001', '1002'),
(868, '19CSE119', 'Present', '2020-10-26', 'l1', '2019CSE001', '1002'),
(869, '19CSE120', 'Present', '2020-10-26', 'l1', '2019CSE001', '1002'),
(870, '19CSE121', 'Present', '2020-10-26', 'l1', '2019CSE001', '1002'),
(871, '19CSE122', 'Present', '2020-10-26', 'l1', '2019CSE001', '1002'),
(872, '19CSE123', 'Present', '2020-10-26', 'l1', '2019CSE001', '1002'),
(873, '19CSE124', 'Present', '2020-10-26', 'l1', '2019CSE001', '1002'),
(874, '19CSE125', 'Present', '2020-10-26', 'l1', '2019CSE001', '1002'),
(875, '19CSE126', 'Present', '2020-10-26', 'l1', '2019CSE001', '1002'),
(876, '19CSE127', 'Present', '2020-10-26', 'l1', '2019CSE001', '1002'),
(877, '19CSE128', 'Present', '2020-10-26', 'l1', '2019CSE001', '1002'),
(878, '19CSE129', 'Present', '2020-10-26', 'l1', '2019CSE001', '1002'),
(879, '19CSE130', 'Present', '2020-10-26', 'l1', '2019CSE001', '1002'),
(880, '19CSE101', 'Present', '2020-10-08', 'l4', '2019CSE001', '1002'),
(881, '19CSE102', 'Present', '2020-10-08', 'l4', '2019CSE001', '1002'),
(882, '19CSE103', 'Present', '2020-10-08', 'l4', '2019CSE001', '1002'),
(883, '19CSE104', 'Present', '2020-10-08', 'l4', '2019CSE001', '1002'),
(884, '19CSE105', 'Present', '2020-10-08', 'l4', '2019CSE001', '1002'),
(885, '19CSE106', 'Present', '2020-10-08', 'l4', '2019CSE001', '1002'),
(886, '19CSE107', 'Present', '2020-10-08', 'l4', '2019CSE001', '1002'),
(887, '19CSE108', 'Present', '2020-10-08', 'l4', '2019CSE001', '1002'),
(888, '19CSE109', 'Present', '2020-10-08', 'l4', '2019CSE001', '1002'),
(889, '19CSE110', 'Present', '2020-10-08', 'l4', '2019CSE001', '1002'),
(890, '19CSE111', 'Present', '2020-10-08', 'l4', '2019CSE001', '1002'),
(891, '19CSE112', 'Present', '2020-10-08', 'l4', '2019CSE001', '1002'),
(892, '19CSE113', 'Present', '2020-10-08', 'l4', '2019CSE001', '1002'),
(893, '19CSE114', 'Present', '2020-10-08', 'l4', '2019CSE001', '1002'),
(894, '19CSE115', 'Present', '2020-10-08', 'l4', '2019CSE001', '1002'),
(895, '19CSE116', 'Present', '2020-10-08', 'l4', '2019CSE001', '1002'),
(896, '19CSE117', 'Present', '2020-10-08', 'l4', '2019CSE001', '1002'),
(897, '19CSE118', 'Present', '2020-10-08', 'l4', '2019CSE001', '1002'),
(898, '19CSE119', 'Present', '2020-10-08', 'l4', '2019CSE001', '1002'),
(899, '19CSE120', 'Present', '2020-10-08', 'l4', '2019CSE001', '1002'),
(900, '19CSE121', 'Present', '2020-10-08', 'l4', '2019CSE001', '1002'),
(901, '19CSE122', 'Present', '2020-10-08', 'l4', '2019CSE001', '1002'),
(902, '19CSE123', 'Present', '2020-10-08', 'l4', '2019CSE001', '1002'),
(903, '19CSE124', 'Present', '2020-10-08', 'l4', '2019CSE001', '1002'),
(904, '19CSE125', 'Present', '2020-10-08', 'l4', '2019CSE001', '1002'),
(905, '19CSE126', 'Present', '2020-10-08', 'l4', '2019CSE001', '1002'),
(906, '19CSE127', 'Present', '2020-10-08', 'l4', '2019CSE001', '1002'),
(907, '19CSE128', 'Present', '2020-10-08', 'l4', '2019CSE001', '1002'),
(908, '19CSE129', 'Present', '2020-10-08', 'l4', '2019CSE001', '1002'),
(909, '19CSE130', 'Present', '2020-10-08', 'l4', '2019CSE001', '1002'),
(910, '19CSE101', 'Present', '2020-10-15', 'l4', '2019CSE001', '1002'),
(911, '19CSE102', 'Present', '2020-10-15', 'l4', '2019CSE001', '1002'),
(912, '19CSE103', 'Present', '2020-10-15', 'l4', '2019CSE001', '1002'),
(913, '19CSE104', 'Present', '2020-10-15', 'l4', '2019CSE001', '1002'),
(914, '19CSE105', 'Present', '2020-10-15', 'l4', '2019CSE001', '1002'),
(915, '19CSE106', 'Present', '2020-10-15', 'l4', '2019CSE001', '1002'),
(916, '19CSE107', 'Present', '2020-10-15', 'l4', '2019CSE001', '1002'),
(917, '19CSE108', 'Present', '2020-10-15', 'l4', '2019CSE001', '1002'),
(918, '19CSE109', 'Present', '2020-10-15', 'l4', '2019CSE001', '1002'),
(919, '19CSE110', 'Present', '2020-10-15', 'l4', '2019CSE001', '1002'),
(920, '19CSE111', 'Present', '2020-10-15', 'l4', '2019CSE001', '1002'),
(921, '19CSE112', 'Present', '2020-10-15', 'l4', '2019CSE001', '1002'),
(922, '19CSE113', 'Present', '2020-10-15', 'l4', '2019CSE001', '1002'),
(923, '19CSE114', 'Present', '2020-10-15', 'l4', '2019CSE001', '1002'),
(924, '19CSE115', 'Present', '2020-10-15', 'l4', '2019CSE001', '1002'),
(925, '19CSE116', 'Present', '2020-10-15', 'l4', '2019CSE001', '1002'),
(926, '19CSE117', 'Present', '2020-10-15', 'l4', '2019CSE001', '1002'),
(927, '19CSE118', 'Present', '2020-10-15', 'l4', '2019CSE001', '1002'),
(928, '19CSE119', 'Present', '2020-10-15', 'l4', '2019CSE001', '1002'),
(929, '19CSE120', 'Present', '2020-10-15', 'l4', '2019CSE001', '1002'),
(930, '19CSE121', 'Present', '2020-10-15', 'l4', '2019CSE001', '1002'),
(931, '19CSE122', 'Present', '2020-10-15', 'l4', '2019CSE001', '1002'),
(932, '19CSE123', 'Present', '2020-10-15', 'l4', '2019CSE001', '1002'),
(933, '19CSE124', 'Present', '2020-10-15', 'l4', '2019CSE001', '1002'),
(934, '19CSE125', 'Present', '2020-10-15', 'l4', '2019CSE001', '1002'),
(935, '19CSE126', 'Present', '2020-10-15', 'l4', '2019CSE001', '1002'),
(936, '19CSE127', 'Present', '2020-10-15', 'l4', '2019CSE001', '1002'),
(937, '19CSE128', 'Present', '2020-10-15', 'l4', '2019CSE001', '1002'),
(938, '19CSE129', 'Present', '2020-10-15', 'l4', '2019CSE001', '1002'),
(939, '19CSE130', 'Present', '2020-10-15', 'l4', '2019CSE001', '1002'),
(940, '19CSE101', 'Present', '2020-10-22', 'l4', '2019CSE001', '1002'),
(941, '19CSE102', 'Present', '2020-10-22', 'l4', '2019CSE001', '1002'),
(942, '19CSE103', 'Present', '2020-10-22', 'l4', '2019CSE001', '1002'),
(943, '19CSE104', 'Present', '2020-10-22', 'l4', '2019CSE001', '1002'),
(944, '19CSE105', 'Present', '2020-10-22', 'l4', '2019CSE001', '1002'),
(945, '19CSE106', 'Present', '2020-10-22', 'l4', '2019CSE001', '1002'),
(946, '19CSE107', 'Present', '2020-10-22', 'l4', '2019CSE001', '1002'),
(947, '19CSE108', 'Present', '2020-10-22', 'l4', '2019CSE001', '1002'),
(948, '19CSE109', 'Present', '2020-10-22', 'l4', '2019CSE001', '1002'),
(949, '19CSE110', 'Present', '2020-10-22', 'l4', '2019CSE001', '1002'),
(950, '19CSE111', 'Present', '2020-10-22', 'l4', '2019CSE001', '1002'),
(951, '19CSE112', 'Present', '2020-10-22', 'l4', '2019CSE001', '1002'),
(952, '19CSE113', 'Present', '2020-10-22', 'l4', '2019CSE001', '1002'),
(953, '19CSE114', 'Present', '2020-10-22', 'l4', '2019CSE001', '1002'),
(954, '19CSE115', 'Present', '2020-10-22', 'l4', '2019CSE001', '1002'),
(955, '19CSE116', 'Present', '2020-10-22', 'l4', '2019CSE001', '1002'),
(956, '19CSE117', 'Present', '2020-10-22', 'l4', '2019CSE001', '1002'),
(957, '19CSE118', 'Present', '2020-10-22', 'l4', '2019CSE001', '1002'),
(958, '19CSE119', 'Present', '2020-10-22', 'l4', '2019CSE001', '1002'),
(959, '19CSE120', 'Present', '2020-10-22', 'l4', '2019CSE001', '1002'),
(960, '19CSE121', 'Present', '2020-10-22', 'l4', '2019CSE001', '1002'),
(961, '19CSE122', 'Present', '2020-10-22', 'l4', '2019CSE001', '1002'),
(962, '19CSE123', 'Present', '2020-10-22', 'l4', '2019CSE001', '1002'),
(963, '19CSE124', 'Present', '2020-10-22', 'l4', '2019CSE001', '1002'),
(964, '19CSE125', 'Present', '2020-10-22', 'l4', '2019CSE001', '1002'),
(965, '19CSE126', 'Present', '2020-10-22', 'l4', '2019CSE001', '1002'),
(966, '19CSE127', 'Absent', '2020-10-22', 'l4', '2019CSE001', '1002'),
(967, '19CSE128', 'Absent', '2020-10-22', 'l4', '2019CSE001', '1002'),
(968, '19CSE129', 'Absent', '2020-10-22', 'l4', '2019CSE001', '1002'),
(969, '19CSE130', 'Absent', '2020-10-22', 'l4', '2019CSE001', '1002'),
(970, '19CSE101', 'Present', '2020-10-29', 'l4', '2019CSE001', '1002'),
(971, '19CSE102', 'Present', '2020-10-29', 'l4', '2019CSE001', '1002'),
(972, '19CSE103', 'Present', '2020-10-29', 'l4', '2019CSE001', '1002'),
(973, '19CSE104', 'Present', '2020-10-29', 'l4', '2019CSE001', '1002'),
(974, '19CSE105', 'Present', '2020-10-29', 'l4', '2019CSE001', '1002'),
(975, '19CSE106', 'Present', '2020-10-29', 'l4', '2019CSE001', '1002'),
(976, '19CSE107', 'Present', '2020-10-29', 'l4', '2019CSE001', '1002'),
(977, '19CSE108', 'Present', '2020-10-29', 'l4', '2019CSE001', '1002'),
(978, '19CSE109', 'Present', '2020-10-29', 'l4', '2019CSE001', '1002'),
(979, '19CSE110', 'Present', '2020-10-29', 'l4', '2019CSE001', '1002'),
(980, '19CSE111', 'Present', '2020-10-29', 'l4', '2019CSE001', '1002'),
(981, '19CSE112', 'Present', '2020-10-29', 'l4', '2019CSE001', '1002'),
(982, '19CSE113', 'Present', '2020-10-29', 'l4', '2019CSE001', '1002'),
(983, '19CSE114', 'Present', '2020-10-29', 'l4', '2019CSE001', '1002'),
(984, '19CSE115', 'Present', '2020-10-29', 'l4', '2019CSE001', '1002'),
(985, '19CSE116', 'Present', '2020-10-29', 'l4', '2019CSE001', '1002'),
(986, '19CSE117', 'Present', '2020-10-29', 'l4', '2019CSE001', '1002'),
(987, '19CSE118', 'Present', '2020-10-29', 'l4', '2019CSE001', '1002'),
(988, '19CSE119', 'Present', '2020-10-29', 'l4', '2019CSE001', '1002'),
(989, '19CSE120', 'Present', '2020-10-29', 'l4', '2019CSE001', '1002'),
(990, '19CSE121', 'Present', '2020-10-29', 'l4', '2019CSE001', '1002'),
(991, '19CSE122', 'Present', '2020-10-29', 'l4', '2019CSE001', '1002'),
(992, '19CSE123', 'Present', '2020-10-29', 'l4', '2019CSE001', '1002'),
(993, '19CSE124', 'Present', '2020-10-29', 'l4', '2019CSE001', '1002'),
(994, '19CSE125', 'Present', '2020-10-29', 'l4', '2019CSE001', '1002'),
(995, '19CSE126', 'Present', '2020-10-29', 'l4', '2019CSE001', '1002'),
(996, '19CSE127', 'Present', '2020-10-29', 'l4', '2019CSE001', '1002'),
(997, '19CSE128', 'Present', '2020-10-29', 'l4', '2019CSE001', '1002'),
(998, '19CSE129', 'Present', '2020-10-29', 'l4', '2019CSE001', '1002'),
(999, '19CSE130', 'Absent', '2020-10-29', 'l4', '2019CSE001', '1002'),
(1000, '19CSE101', 'Present', '2020-10-05', 'p1', '2019CSE001', '1005'),
(1001, '19CSE102', 'Present', '2020-10-05', 'p1', '2019CSE001', '1005'),
(1002, '19CSE103', 'Present', '2020-10-05', 'p1', '2019CSE001', '1005'),
(1003, '19CSE104', 'Present', '2020-10-05', 'p1', '2019CSE001', '1005'),
(1004, '19CSE105', 'Present', '2020-10-05', 'p1', '2019CSE001', '1005'),
(1005, '19CSE106', 'Present', '2020-10-05', 'p1', '2019CSE001', '1005'),
(1006, '19CSE107', 'Present', '2020-10-05', 'p1', '2019CSE001', '1005'),
(1007, '19CSE108', 'Present', '2020-10-05', 'p1', '2019CSE001', '1005'),
(1008, '19CSE109', 'Present', '2020-10-05', 'p1', '2019CSE001', '1005'),
(1009, '19CSE110', 'Present', '2020-10-05', 'p1', '2019CSE001', '1005'),
(1010, '19CSE111', 'Present', '2020-10-05', 'p1', '2019CSE001', '1005'),
(1011, '19CSE112', 'Present', '2020-10-05', 'p1', '2019CSE001', '1005'),
(1012, '19CSE113', 'Present', '2020-10-05', 'p1', '2019CSE001', '1005'),
(1013, '19CSE114', 'Present', '2020-10-05', 'p1', '2019CSE001', '1005'),
(1014, '19CSE115', 'Present', '2020-10-05', 'p1', '2019CSE001', '1005'),
(1015, '19CSE116', 'Present', '2020-10-05', 'p1', '2019CSE001', '1005'),
(1016, '19CSE117', 'Present', '2020-10-05', 'p1', '2019CSE001', '1005'),
(1017, '19CSE118', 'Present', '2020-10-05', 'p1', '2019CSE001', '1005'),
(1018, '19CSE119', 'Present', '2020-10-05', 'p1', '2019CSE001', '1005'),
(1019, '19CSE120', 'Present', '2020-10-05', 'p1', '2019CSE001', '1005'),
(1020, '19CSE121', 'Present', '2020-10-05', 'p1', '2019CSE001', '1005'),
(1021, '19CSE122', 'Present', '2020-10-05', 'p1', '2019CSE001', '1005'),
(1022, '19CSE123', 'Present', '2020-10-05', 'p1', '2019CSE001', '1005'),
(1023, '19CSE124', 'Present', '2020-10-05', 'p1', '2019CSE001', '1005'),
(1024, '19CSE125', 'Present', '2020-10-05', 'p1', '2019CSE001', '1005'),
(1025, '19CSE126', 'Present', '2020-10-05', 'p1', '2019CSE001', '1005'),
(1026, '19CSE127', 'Present', '2020-10-05', 'p1', '2019CSE001', '1005'),
(1027, '19CSE128', 'Present', '2020-10-05', 'p1', '2019CSE001', '1005'),
(1028, '19CSE129', 'Present', '2020-10-05', 'p1', '2019CSE001', '1005'),
(1029, '19CSE130', 'Present', '2020-10-05', 'p1', '2019CSE001', '1005'),
(1030, '19CSE101', 'Present', '2020-10-07', 'p1', '2019CSE001', '1005'),
(1031, '19CSE102', 'Present', '2020-10-07', 'p1', '2019CSE001', '1005'),
(1032, '19CSE103', 'Present', '2020-10-07', 'p1', '2019CSE001', '1005'),
(1033, '19CSE104', 'Present', '2020-10-07', 'p1', '2019CSE001', '1005'),
(1034, '19CSE105', 'Present', '2020-10-07', 'p1', '2019CSE001', '1005'),
(1035, '19CSE106', 'Present', '2020-10-07', 'p1', '2019CSE001', '1005'),
(1036, '19CSE107', 'Present', '2020-10-07', 'p1', '2019CSE001', '1005'),
(1037, '19CSE108', 'Present', '2020-10-07', 'p1', '2019CSE001', '1005'),
(1038, '19CSE109', 'Present', '2020-10-07', 'p1', '2019CSE001', '1005'),
(1039, '19CSE110', 'Present', '2020-10-07', 'p1', '2019CSE001', '1005'),
(1040, '19CSE111', 'Present', '2020-10-07', 'p1', '2019CSE001', '1005'),
(1041, '19CSE112', 'Present', '2020-10-07', 'p1', '2019CSE001', '1005'),
(1042, '19CSE113', 'Present', '2020-10-07', 'p1', '2019CSE001', '1005'),
(1043, '19CSE114', 'Present', '2020-10-07', 'p1', '2019CSE001', '1005'),
(1044, '19CSE115', 'Present', '2020-10-07', 'p1', '2019CSE001', '1005'),
(1045, '19CSE116', 'Present', '2020-10-07', 'p1', '2019CSE001', '1005'),
(1046, '19CSE117', 'Present', '2020-10-07', 'p1', '2019CSE001', '1005'),
(1047, '19CSE118', 'Present', '2020-10-07', 'p1', '2019CSE001', '1005'),
(1048, '19CSE119', 'Present', '2020-10-07', 'p1', '2019CSE001', '1005'),
(1049, '19CSE120', 'Present', '2020-10-07', 'p1', '2019CSE001', '1005'),
(1050, '19CSE121', 'Present', '2020-10-07', 'p1', '2019CSE001', '1005'),
(1051, '19CSE122', 'Present', '2020-10-07', 'p1', '2019CSE001', '1005'),
(1052, '19CSE123', 'Present', '2020-10-07', 'p1', '2019CSE001', '1005'),
(1053, '19CSE124', 'Present', '2020-10-07', 'p1', '2019CSE001', '1005'),
(1054, '19CSE125', 'Present', '2020-10-07', 'p1', '2019CSE001', '1005'),
(1055, '19CSE126', 'Present', '2020-10-07', 'p1', '2019CSE001', '1005'),
(1056, '19CSE127', 'Present', '2020-10-07', 'p1', '2019CSE001', '1005'),
(1057, '19CSE128', 'Present', '2020-10-07', 'p1', '2019CSE001', '1005'),
(1058, '19CSE129', 'Present', '2020-10-07', 'p1', '2019CSE001', '1005'),
(1059, '19CSE130', 'Present', '2020-10-07', 'p1', '2019CSE001', '1005'),
(1060, '19CSE101', 'Present', '2020-10-12', 'p1', '2019CSE001', '1005'),
(1061, '19CSE102', 'Present', '2020-10-12', 'p1', '2019CSE001', '1005'),
(1062, '19CSE103', 'Present', '2020-10-12', 'p1', '2019CSE001', '1005'),
(1063, '19CSE104', 'Present', '2020-10-12', 'p1', '2019CSE001', '1005'),
(1064, '19CSE105', 'Present', '2020-10-12', 'p1', '2019CSE001', '1005'),
(1065, '19CSE106', 'Present', '2020-10-12', 'p1', '2019CSE001', '1005'),
(1066, '19CSE107', 'Present', '2020-10-12', 'p1', '2019CSE001', '1005'),
(1067, '19CSE108', 'Present', '2020-10-12', 'p1', '2019CSE001', '1005'),
(1068, '19CSE109', 'Present', '2020-10-12', 'p1', '2019CSE001', '1005'),
(1069, '19CSE110', 'Present', '2020-10-12', 'p1', '2019CSE001', '1005'),
(1070, '19CSE111', 'Present', '2020-10-12', 'p1', '2019CSE001', '1005'),
(1071, '19CSE112', 'Present', '2020-10-12', 'p1', '2019CSE001', '1005'),
(1072, '19CSE113', 'Present', '2020-10-12', 'p1', '2019CSE001', '1005'),
(1073, '19CSE114', 'Present', '2020-10-12', 'p1', '2019CSE001', '1005'),
(1074, '19CSE115', 'Present', '2020-10-12', 'p1', '2019CSE001', '1005'),
(1075, '19CSE116', 'Present', '2020-10-12', 'p1', '2019CSE001', '1005'),
(1076, '19CSE117', 'Present', '2020-10-12', 'p1', '2019CSE001', '1005'),
(1077, '19CSE118', 'Present', '2020-10-12', 'p1', '2019CSE001', '1005'),
(1078, '19CSE119', 'Present', '2020-10-12', 'p1', '2019CSE001', '1005'),
(1079, '19CSE120', 'Present', '2020-10-12', 'p1', '2019CSE001', '1005'),
(1080, '19CSE121', 'Present', '2020-10-12', 'p1', '2019CSE001', '1005'),
(1081, '19CSE122', 'Present', '2020-10-12', 'p1', '2019CSE001', '1005'),
(1082, '19CSE123', 'Present', '2020-10-12', 'p1', '2019CSE001', '1005'),
(1083, '19CSE124', 'Present', '2020-10-12', 'p1', '2019CSE001', '1005'),
(1084, '19CSE125', 'Present', '2020-10-12', 'p1', '2019CSE001', '1005'),
(1085, '19CSE126', 'Present', '2020-10-12', 'p1', '2019CSE001', '1005'),
(1086, '19CSE127', 'Present', '2020-10-12', 'p1', '2019CSE001', '1005'),
(1087, '19CSE128', 'Present', '2020-10-12', 'p1', '2019CSE001', '1005'),
(1088, '19CSE129', 'Present', '2020-10-12', 'p1', '2019CSE001', '1005'),
(1089, '19CSE130', 'Absent', '2020-10-12', 'p1', '2019CSE001', '1005'),
(1090, '19CSE101', 'Present', '2020-10-14', 'p1', '2019CSE001', '1005'),
(1091, '19CSE102', 'Present', '2020-10-14', 'p1', '2019CSE001', '1005'),
(1092, '19CSE103', 'Present', '2020-10-14', 'p1', '2019CSE001', '1005'),
(1093, '19CSE104', 'Present', '2020-10-14', 'p1', '2019CSE001', '1005'),
(1094, '19CSE105', 'Present', '2020-10-14', 'p1', '2019CSE001', '1005'),
(1095, '19CSE106', 'Present', '2020-10-14', 'p1', '2019CSE001', '1005'),
(1096, '19CSE107', 'Present', '2020-10-14', 'p1', '2019CSE001', '1005'),
(1097, '19CSE108', 'Present', '2020-10-14', 'p1', '2019CSE001', '1005'),
(1098, '19CSE109', 'Present', '2020-10-14', 'p1', '2019CSE001', '1005'),
(1099, '19CSE110', 'Present', '2020-10-14', 'p1', '2019CSE001', '1005'),
(1100, '19CSE111', 'Present', '2020-10-14', 'p1', '2019CSE001', '1005'),
(1101, '19CSE112', 'Present', '2020-10-14', 'p1', '2019CSE001', '1005'),
(1102, '19CSE113', 'Present', '2020-10-14', 'p1', '2019CSE001', '1005'),
(1103, '19CSE114', 'Present', '2020-10-14', 'p1', '2019CSE001', '1005'),
(1104, '19CSE115', 'Present', '2020-10-14', 'p1', '2019CSE001', '1005'),
(1105, '19CSE116', 'Present', '2020-10-14', 'p1', '2019CSE001', '1005'),
(1106, '19CSE117', 'Present', '2020-10-14', 'p1', '2019CSE001', '1005'),
(1107, '19CSE118', 'Present', '2020-10-14', 'p1', '2019CSE001', '1005'),
(1108, '19CSE119', 'Present', '2020-10-14', 'p1', '2019CSE001', '1005'),
(1109, '19CSE120', 'Present', '2020-10-14', 'p1', '2019CSE001', '1005'),
(1110, '19CSE121', 'Present', '2020-10-14', 'p1', '2019CSE001', '1005'),
(1111, '19CSE122', 'Present', '2020-10-14', 'p1', '2019CSE001', '1005'),
(1112, '19CSE123', 'Present', '2020-10-14', 'p1', '2019CSE001', '1005'),
(1113, '19CSE124', 'Present', '2020-10-14', 'p1', '2019CSE001', '1005'),
(1114, '19CSE125', 'Present', '2020-10-14', 'p1', '2019CSE001', '1005'),
(1115, '19CSE126', 'Present', '2020-10-14', 'p1', '2019CSE001', '1005'),
(1116, '19CSE127', 'Present', '2020-10-14', 'p1', '2019CSE001', '1005'),
(1117, '19CSE128', 'Present', '2020-10-14', 'p1', '2019CSE001', '1005'),
(1118, '19CSE129', 'Present', '2020-10-14', 'p1', '2019CSE001', '1005'),
(1119, '19CSE130', 'Present', '2020-10-14', 'p1', '2019CSE001', '1005'),
(1120, '19CSE101', 'Present', '2020-10-19', 'p1', '2019CSE001', '1005'),
(1121, '19CSE102', 'Present', '2020-10-19', 'p1', '2019CSE001', '1005'),
(1122, '19CSE103', 'Present', '2020-10-19', 'p1', '2019CSE001', '1005'),
(1123, '19CSE104', 'Present', '2020-10-19', 'p1', '2019CSE001', '1005'),
(1124, '19CSE105', 'Present', '2020-10-19', 'p1', '2019CSE001', '1005'),
(1125, '19CSE106', 'Present', '2020-10-19', 'p1', '2019CSE001', '1005'),
(1126, '19CSE107', 'Present', '2020-10-19', 'p1', '2019CSE001', '1005'),
(1127, '19CSE108', 'Present', '2020-10-19', 'p1', '2019CSE001', '1005'),
(1128, '19CSE109', 'Present', '2020-10-19', 'p1', '2019CSE001', '1005'),
(1129, '19CSE110', 'Present', '2020-10-19', 'p1', '2019CSE001', '1005'),
(1130, '19CSE111', 'Present', '2020-10-19', 'p1', '2019CSE001', '1005'),
(1131, '19CSE112', 'Present', '2020-10-19', 'p1', '2019CSE001', '1005'),
(1132, '19CSE113', 'Present', '2020-10-19', 'p1', '2019CSE001', '1005'),
(1133, '19CSE114', 'Present', '2020-10-19', 'p1', '2019CSE001', '1005'),
(1134, '19CSE115', 'Present', '2020-10-19', 'p1', '2019CSE001', '1005'),
(1135, '19CSE116', 'Present', '2020-10-19', 'p1', '2019CSE001', '1005'),
(1136, '19CSE117', 'Present', '2020-10-19', 'p1', '2019CSE001', '1005'),
(1137, '19CSE118', 'Present', '2020-10-19', 'p1', '2019CSE001', '1005'),
(1138, '19CSE119', 'Present', '2020-10-19', 'p1', '2019CSE001', '1005'),
(1139, '19CSE120', 'Present', '2020-10-19', 'p1', '2019CSE001', '1005'),
(1140, '19CSE121', 'Present', '2020-10-19', 'p1', '2019CSE001', '1005'),
(1141, '19CSE122', 'Present', '2020-10-19', 'p1', '2019CSE001', '1005'),
(1142, '19CSE123', 'Present', '2020-10-19', 'p1', '2019CSE001', '1005'),
(1143, '19CSE124', 'Present', '2020-10-19', 'p1', '2019CSE001', '1005'),
(1144, '19CSE125', 'Present', '2020-10-19', 'p1', '2019CSE001', '1005'),
(1145, '19CSE126', 'Present', '2020-10-19', 'p1', '2019CSE001', '1005'),
(1146, '19CSE127', 'Present', '2020-10-19', 'p1', '2019CSE001', '1005'),
(1147, '19CSE128', 'Present', '2020-10-19', 'p1', '2019CSE001', '1005'),
(1148, '19CSE129', 'Present', '2020-10-19', 'p1', '2019CSE001', '1005'),
(1149, '19CSE130', 'Present', '2020-10-19', 'p1', '2019CSE001', '1005'),
(1150, '19CSE101', 'Present', '2020-10-21', 'p1', '2019CSE001', '1005'),
(1151, '19CSE102', 'Present', '2020-10-21', 'p1', '2019CSE001', '1005'),
(1152, '19CSE103', 'Present', '2020-10-21', 'p1', '2019CSE001', '1005'),
(1153, '19CSE104', 'Present', '2020-10-21', 'p1', '2019CSE001', '1005'),
(1154, '19CSE105', 'Present', '2020-10-21', 'p1', '2019CSE001', '1005'),
(1155, '19CSE106', 'Present', '2020-10-21', 'p1', '2019CSE001', '1005'),
(1156, '19CSE107', 'Present', '2020-10-21', 'p1', '2019CSE001', '1005'),
(1157, '19CSE108', 'Present', '2020-10-21', 'p1', '2019CSE001', '1005'),
(1158, '19CSE109', 'Present', '2020-10-21', 'p1', '2019CSE001', '1005'),
(1159, '19CSE110', 'Present', '2020-10-21', 'p1', '2019CSE001', '1005'),
(1160, '19CSE111', 'Present', '2020-10-21', 'p1', '2019CSE001', '1005'),
(1161, '19CSE112', 'Present', '2020-10-21', 'p1', '2019CSE001', '1005'),
(1162, '19CSE113', 'Present', '2020-10-21', 'p1', '2019CSE001', '1005'),
(1163, '19CSE114', 'Present', '2020-10-21', 'p1', '2019CSE001', '1005'),
(1164, '19CSE115', 'Present', '2020-10-21', 'p1', '2019CSE001', '1005'),
(1165, '19CSE116', 'Present', '2020-10-21', 'p1', '2019CSE001', '1005'),
(1166, '19CSE117', 'Present', '2020-10-21', 'p1', '2019CSE001', '1005'),
(1167, '19CSE118', 'Present', '2020-10-21', 'p1', '2019CSE001', '1005'),
(1168, '19CSE119', 'Present', '2020-10-21', 'p1', '2019CSE001', '1005'),
(1169, '19CSE120', 'Present', '2020-10-21', 'p1', '2019CSE001', '1005'),
(1170, '19CSE121', 'Present', '2020-10-21', 'p1', '2019CSE001', '1005'),
(1171, '19CSE122', 'Present', '2020-10-21', 'p1', '2019CSE001', '1005'),
(1172, '19CSE123', 'Present', '2020-10-21', 'p1', '2019CSE001', '1005'),
(1173, '19CSE124', 'Present', '2020-10-21', 'p1', '2019CSE001', '1005'),
(1174, '19CSE125', 'Present', '2020-10-21', 'p1', '2019CSE001', '1005'),
(1175, '19CSE126', 'Present', '2020-10-21', 'p1', '2019CSE001', '1005'),
(1176, '19CSE127', 'Present', '2020-10-21', 'p1', '2019CSE001', '1005'),
(1177, '19CSE128', 'Present', '2020-10-21', 'p1', '2019CSE001', '1005'),
(1178, '19CSE129', 'Present', '2020-10-21', 'p1', '2019CSE001', '1005'),
(1179, '19CSE130', 'Present', '2020-10-21', 'p1', '2019CSE001', '1005'),
(1180, '19CSE101', 'Present', '2020-10-26', 'p1', '2019CSE001', '1005'),
(1181, '19CSE102', 'Present', '2020-10-26', 'p1', '2019CSE001', '1005'),
(1182, '19CSE103', 'Present', '2020-10-26', 'p1', '2019CSE001', '1005'),
(1183, '19CSE104', 'Present', '2020-10-26', 'p1', '2019CSE001', '1005'),
(1184, '19CSE105', 'Present', '2020-10-26', 'p1', '2019CSE001', '1005'),
(1185, '19CSE106', 'Present', '2020-10-26', 'p1', '2019CSE001', '1005'),
(1186, '19CSE107', 'Present', '2020-10-26', 'p1', '2019CSE001', '1005'),
(1187, '19CSE108', 'Present', '2020-10-26', 'p1', '2019CSE001', '1005'),
(1188, '19CSE109', 'Present', '2020-10-26', 'p1', '2019CSE001', '1005'),
(1189, '19CSE110', 'Present', '2020-10-26', 'p1', '2019CSE001', '1005'),
(1190, '19CSE111', 'Present', '2020-10-26', 'p1', '2019CSE001', '1005'),
(1191, '19CSE112', 'Present', '2020-10-26', 'p1', '2019CSE001', '1005'),
(1192, '19CSE113', 'Present', '2020-10-26', 'p1', '2019CSE001', '1005'),
(1193, '19CSE114', 'Present', '2020-10-26', 'p1', '2019CSE001', '1005'),
(1194, '19CSE115', 'Present', '2020-10-26', 'p1', '2019CSE001', '1005'),
(1195, '19CSE116', 'Present', '2020-10-26', 'p1', '2019CSE001', '1005'),
(1196, '19CSE117', 'Present', '2020-10-26', 'p1', '2019CSE001', '1005'),
(1197, '19CSE118', 'Present', '2020-10-26', 'p1', '2019CSE001', '1005'),
(1198, '19CSE119', 'Present', '2020-10-26', 'p1', '2019CSE001', '1005'),
(1199, '19CSE120', 'Present', '2020-10-26', 'p1', '2019CSE001', '1005'),
(1200, '19CSE121', 'Present', '2020-10-26', 'p1', '2019CSE001', '1005'),
(1201, '19CSE122', 'Present', '2020-10-26', 'p1', '2019CSE001', '1005'),
(1202, '19CSE123', 'Present', '2020-10-26', 'p1', '2019CSE001', '1005'),
(1203, '19CSE124', 'Present', '2020-10-26', 'p1', '2019CSE001', '1005'),
(1204, '19CSE125', 'Present', '2020-10-26', 'p1', '2019CSE001', '1005'),
(1205, '19CSE126', 'Present', '2020-10-26', 'p1', '2019CSE001', '1005'),
(1206, '19CSE127', 'Present', '2020-10-26', 'p1', '2019CSE001', '1005'),
(1207, '19CSE128', 'Present', '2020-10-26', 'p1', '2019CSE001', '1005'),
(1208, '19CSE129', 'Absent', '2020-10-26', 'p1', '2019CSE001', '1005'),
(1209, '19CSE130', 'Absent', '2020-10-26', 'p1', '2019CSE001', '1005'),
(1210, '19CSE101', 'Present', '2020-10-28', 'p1', '2019CSE001', '1005'),
(1211, '19CSE102', 'Present', '2020-10-28', 'p1', '2019CSE001', '1005'),
(1212, '19CSE103', 'Present', '2020-10-28', 'p1', '2019CSE001', '1005'),
(1213, '19CSE104', 'Present', '2020-10-28', 'p1', '2019CSE001', '1005'),
(1214, '19CSE105', 'Present', '2020-10-28', 'p1', '2019CSE001', '1005'),
(1215, '19CSE106', 'Present', '2020-10-28', 'p1', '2019CSE001', '1005'),
(1216, '19CSE107', 'Present', '2020-10-28', 'p1', '2019CSE001', '1005'),
(1217, '19CSE108', 'Present', '2020-10-28', 'p1', '2019CSE001', '1005'),
(1218, '19CSE109', 'Present', '2020-10-28', 'p1', '2019CSE001', '1005'),
(1219, '19CSE110', 'Present', '2020-10-28', 'p1', '2019CSE001', '1005'),
(1220, '19CSE111', 'Present', '2020-10-28', 'p1', '2019CSE001', '1005'),
(1221, '19CSE112', 'Present', '2020-10-28', 'p1', '2019CSE001', '1005'),
(1222, '19CSE113', 'Present', '2020-10-28', 'p1', '2019CSE001', '1005'),
(1223, '19CSE114', 'Present', '2020-10-28', 'p1', '2019CSE001', '1005'),
(1224, '19CSE115', 'Present', '2020-10-28', 'p1', '2019CSE001', '1005'),
(1225, '19CSE116', 'Present', '2020-10-28', 'p1', '2019CSE001', '1005'),
(1226, '19CSE117', 'Present', '2020-10-28', 'p1', '2019CSE001', '1005'),
(1227, '19CSE118', 'Present', '2020-10-28', 'p1', '2019CSE001', '1005'),
(1228, '19CSE119', 'Present', '2020-10-28', 'p1', '2019CSE001', '1005'),
(1229, '19CSE120', 'Present', '2020-10-28', 'p1', '2019CSE001', '1005'),
(1230, '19CSE121', 'Present', '2020-10-28', 'p1', '2019CSE001', '1005'),
(1231, '19CSE122', 'Present', '2020-10-28', 'p1', '2019CSE001', '1005'),
(1232, '19CSE123', 'Present', '2020-10-28', 'p1', '2019CSE001', '1005'),
(1233, '19CSE124', 'Present', '2020-10-28', 'p1', '2019CSE001', '1005'),
(1234, '19CSE125', 'Present', '2020-10-28', 'p1', '2019CSE001', '1005'),
(1235, '19CSE126', 'Present', '2020-10-28', 'p1', '2019CSE001', '1005'),
(1236, '19CSE127', 'Present', '2020-10-28', 'p1', '2019CSE001', '1005'),
(1237, '19CSE128', 'Present', '2020-10-28', 'p1', '2019CSE001', '1005'),
(1238, '19CSE129', 'Present', '2020-10-28', 'p1', '2019CSE001', '1005'),
(1239, '19CSE130', 'Present', '2020-10-28', 'p1', '2019CSE001', '1005'),
(1240, '19CSE101', 'Present', '2020-11-02', 'p1', '2019CSE001', '1005'),
(1241, '19CSE102', 'Present', '2020-11-02', 'p1', '2019CSE001', '1005'),
(1242, '19CSE103', 'Present', '2020-11-02', 'p1', '2019CSE001', '1005'),
(1243, '19CSE104', 'Present', '2020-11-02', 'p1', '2019CSE001', '1005'),
(1244, '19CSE105', 'Present', '2020-11-02', 'p1', '2019CSE001', '1005'),
(1245, '19CSE106', 'Present', '2020-11-02', 'p1', '2019CSE001', '1005'),
(1246, '19CSE107', 'Present', '2020-11-02', 'p1', '2019CSE001', '1005'),
(1247, '19CSE108', 'Present', '2020-11-02', 'p1', '2019CSE001', '1005'),
(1248, '19CSE109', 'Present', '2020-11-02', 'p1', '2019CSE001', '1005'),
(1249, '19CSE110', 'Present', '2020-11-02', 'p1', '2019CSE001', '1005'),
(1250, '19CSE111', 'Present', '2020-11-02', 'p1', '2019CSE001', '1005'),
(1251, '19CSE112', 'Present', '2020-11-02', 'p1', '2019CSE001', '1005'),
(1252, '19CSE113', 'Present', '2020-11-02', 'p1', '2019CSE001', '1005'),
(1253, '19CSE114', 'Present', '2020-11-02', 'p1', '2019CSE001', '1005'),
(1254, '19CSE115', 'Present', '2020-11-02', 'p1', '2019CSE001', '1005'),
(1255, '19CSE116', 'Present', '2020-11-02', 'p1', '2019CSE001', '1005'),
(1256, '19CSE117', 'Present', '2020-11-02', 'p1', '2019CSE001', '1005'),
(1257, '19CSE118', 'Present', '2020-11-02', 'p1', '2019CSE001', '1005'),
(1258, '19CSE119', 'Present', '2020-11-02', 'p1', '2019CSE001', '1005'),
(1259, '19CSE120', 'Present', '2020-11-02', 'p1', '2019CSE001', '1005'),
(1260, '19CSE121', 'Present', '2020-11-02', 'p1', '2019CSE001', '1005'),
(1261, '19CSE122', 'Present', '2020-11-02', 'p1', '2019CSE001', '1005'),
(1262, '19CSE123', 'Present', '2020-11-02', 'p1', '2019CSE001', '1005'),
(1263, '19CSE124', 'Present', '2020-11-02', 'p1', '2019CSE001', '1005'),
(1264, '19CSE125', 'Present', '2020-11-02', 'p1', '2019CSE001', '1005'),
(1265, '19CSE126', 'Present', '2020-11-02', 'p1', '2019CSE001', '1005'),
(1266, '19CSE127', 'Present', '2020-11-02', 'p1', '2019CSE001', '1005'),
(1267, '19CSE128', 'Present', '2020-11-02', 'p1', '2019CSE001', '1005'),
(1268, '19CSE129', 'Present', '2020-11-02', 'p1', '2019CSE001', '1005'),
(1269, '19CSE130', 'Present', '2020-11-02', 'p1', '2019CSE001', '1005'),
(1270, '19CSE101', 'Present', '2020-11-04', 'p1', '2019CSE001', '1005'),
(1271, '19CSE102', 'Present', '2020-11-04', 'p1', '2019CSE001', '1005'),
(1272, '19CSE103', 'Present', '2020-11-04', 'p1', '2019CSE001', '1005'),
(1273, '19CSE104', 'Present', '2020-11-04', 'p1', '2019CSE001', '1005'),
(1274, '19CSE105', 'Present', '2020-11-04', 'p1', '2019CSE001', '1005'),
(1275, '19CSE106', 'Present', '2020-11-04', 'p1', '2019CSE001', '1005'),
(1276, '19CSE107', 'Present', '2020-11-04', 'p1', '2019CSE001', '1005'),
(1277, '19CSE108', 'Present', '2020-11-04', 'p1', '2019CSE001', '1005'),
(1278, '19CSE109', 'Present', '2020-11-04', 'p1', '2019CSE001', '1005'),
(1279, '19CSE110', 'Present', '2020-11-04', 'p1', '2019CSE001', '1005'),
(1280, '19CSE111', 'Present', '2020-11-04', 'p1', '2019CSE001', '1005'),
(1281, '19CSE112', 'Present', '2020-11-04', 'p1', '2019CSE001', '1005'),
(1282, '19CSE113', 'Present', '2020-11-04', 'p1', '2019CSE001', '1005'),
(1283, '19CSE114', 'Present', '2020-11-04', 'p1', '2019CSE001', '1005'),
(1284, '19CSE115', 'Present', '2020-11-04', 'p1', '2019CSE001', '1005'),
(1285, '19CSE116', 'Present', '2020-11-04', 'p1', '2019CSE001', '1005'),
(1286, '19CSE117', 'Present', '2020-11-04', 'p1', '2019CSE001', '1005'),
(1287, '19CSE118', 'Present', '2020-11-04', 'p1', '2019CSE001', '1005'),
(1288, '19CSE119', 'Present', '2020-11-04', 'p1', '2019CSE001', '1005'),
(1289, '19CSE120', 'Present', '2020-11-04', 'p1', '2019CSE001', '1005'),
(1290, '19CSE121', 'Present', '2020-11-04', 'p1', '2019CSE001', '1005'),
(1291, '19CSE122', 'Present', '2020-11-04', 'p1', '2019CSE001', '1005'),
(1292, '19CSE123', 'Present', '2020-11-04', 'p1', '2019CSE001', '1005'),
(1293, '19CSE124', 'Present', '2020-11-04', 'p1', '2019CSE001', '1005'),
(1294, '19CSE125', 'Present', '2020-11-04', 'p1', '2019CSE001', '1005'),
(1295, '19CSE126', 'Present', '2020-11-04', 'p1', '2019CSE001', '1005'),
(1296, '19CSE127', 'Present', '2020-11-04', 'p1', '2019CSE001', '1005'),
(1297, '19CSE128', 'Present', '2020-11-04', 'p1', '2019CSE001', '1005'),
(1298, '19CSE129', 'Present', '2020-11-04', 'p1', '2019CSE001', '1005'),
(1299, '19CSE130', 'Present', '2020-11-04', 'p1', '2019CSE001', '1005'),
(1300, '19CSE101', 'Present', '2020-11-09', 'p1', '2019CSE001', '1005'),
(1301, '19CSE102', 'Present', '2020-11-09', 'p1', '2019CSE001', '1005'),
(1302, '19CSE103', 'Present', '2020-11-09', 'p1', '2019CSE001', '1005'),
(1303, '19CSE104', 'Present', '2020-11-09', 'p1', '2019CSE001', '1005'),
(1304, '19CSE105', 'Present', '2020-11-09', 'p1', '2019CSE001', '1005'),
(1305, '19CSE106', 'Present', '2020-11-09', 'p1', '2019CSE001', '1005'),
(1306, '19CSE107', 'Present', '2020-11-09', 'p1', '2019CSE001', '1005'),
(1307, '19CSE108', 'Present', '2020-11-09', 'p1', '2019CSE001', '1005'),
(1308, '19CSE109', 'Present', '2020-11-09', 'p1', '2019CSE001', '1005'),
(1309, '19CSE110', 'Present', '2020-11-09', 'p1', '2019CSE001', '1005'),
(1310, '19CSE111', 'Present', '2020-11-09', 'p1', '2019CSE001', '1005'),
(1311, '19CSE112', 'Present', '2020-11-09', 'p1', '2019CSE001', '1005'),
(1312, '19CSE113', 'Present', '2020-11-09', 'p1', '2019CSE001', '1005'),
(1313, '19CSE114', 'Present', '2020-11-09', 'p1', '2019CSE001', '1005'),
(1314, '19CSE115', 'Present', '2020-11-09', 'p1', '2019CSE001', '1005'),
(1315, '19CSE116', 'Present', '2020-11-09', 'p1', '2019CSE001', '1005'),
(1316, '19CSE117', 'Present', '2020-11-09', 'p1', '2019CSE001', '1005'),
(1317, '19CSE118', 'Present', '2020-11-09', 'p1', '2019CSE001', '1005'),
(1318, '19CSE119', 'Present', '2020-11-09', 'p1', '2019CSE001', '1005'),
(1319, '19CSE120', 'Present', '2020-11-09', 'p1', '2019CSE001', '1005'),
(1320, '19CSE121', 'Present', '2020-11-09', 'p1', '2019CSE001', '1005'),
(1321, '19CSE122', 'Present', '2020-11-09', 'p1', '2019CSE001', '1005'),
(1322, '19CSE123', 'Present', '2020-11-09', 'p1', '2019CSE001', '1005'),
(1323, '19CSE124', 'Present', '2020-11-09', 'p1', '2019CSE001', '1005'),
(1324, '19CSE125', 'Present', '2020-11-09', 'p1', '2019CSE001', '1005'),
(1325, '19CSE126', 'Present', '2020-11-09', 'p1', '2019CSE001', '1005'),
(1326, '19CSE127', 'Present', '2020-11-09', 'p1', '2019CSE001', '1005'),
(1327, '19CSE128', 'Present', '2020-11-09', 'p1', '2019CSE001', '1005'),
(1328, '19CSE129', 'Present', '2020-11-09', 'p1', '2019CSE001', '1005'),
(1329, '19CSE130', 'Present', '2020-11-09', 'p1', '2019CSE001', '1005'),
(1330, '19CSE101', 'Present', '2020-11-11', 'p1', '2019CSE001', '1005'),
(1331, '19CSE102', 'Present', '2020-11-11', 'p1', '2019CSE001', '1005'),
(1332, '19CSE103', 'Present', '2020-11-11', 'p1', '2019CSE001', '1005'),
(1333, '19CSE104', 'Present', '2020-11-11', 'p1', '2019CSE001', '1005'),
(1334, '19CSE105', 'Present', '2020-11-11', 'p1', '2019CSE001', '1005'),
(1335, '19CSE106', 'Present', '2020-11-11', 'p1', '2019CSE001', '1005'),
(1336, '19CSE107', 'Present', '2020-11-11', 'p1', '2019CSE001', '1005'),
(1337, '19CSE108', 'Present', '2020-11-11', 'p1', '2019CSE001', '1005'),
(1338, '19CSE109', 'Present', '2020-11-11', 'p1', '2019CSE001', '1005'),
(1339, '19CSE110', 'Present', '2020-11-11', 'p1', '2019CSE001', '1005'),
(1340, '19CSE111', 'Present', '2020-11-11', 'p1', '2019CSE001', '1005'),
(1341, '19CSE112', 'Present', '2020-11-11', 'p1', '2019CSE001', '1005'),
(1342, '19CSE113', 'Present', '2020-11-11', 'p1', '2019CSE001', '1005'),
(1343, '19CSE114', 'Present', '2020-11-11', 'p1', '2019CSE001', '1005'),
(1344, '19CSE115', 'Present', '2020-11-11', 'p1', '2019CSE001', '1005'),
(1345, '19CSE116', 'Present', '2020-11-11', 'p1', '2019CSE001', '1005'),
(1346, '19CSE117', 'Present', '2020-11-11', 'p1', '2019CSE001', '1005'),
(1347, '19CSE118', 'Present', '2020-11-11', 'p1', '2019CSE001', '1005'),
(1348, '19CSE119', 'Present', '2020-11-11', 'p1', '2019CSE001', '1005'),
(1349, '19CSE120', 'Present', '2020-11-11', 'p1', '2019CSE001', '1005'),
(1350, '19CSE121', 'Present', '2020-11-11', 'p1', '2019CSE001', '1005'),
(1351, '19CSE122', 'Present', '2020-11-11', 'p1', '2019CSE001', '1005'),
(1352, '19CSE123', 'Present', '2020-11-11', 'p1', '2019CSE001', '1005'),
(1353, '19CSE124', 'Present', '2020-11-11', 'p1', '2019CSE001', '1005'),
(1354, '19CSE125', 'Present', '2020-11-11', 'p1', '2019CSE001', '1005'),
(1355, '19CSE126', 'Present', '2020-11-11', 'p1', '2019CSE001', '1005'),
(1356, '19CSE127', 'Present', '2020-11-11', 'p1', '2019CSE001', '1005'),
(1357, '19CSE128', 'Present', '2020-11-11', 'p1', '2019CSE001', '1005'),
(1358, '19CSE129', 'Present', '2020-11-11', 'p1', '2019CSE001', '1005'),
(1359, '19CSE130', 'Present', '2020-11-11', 'p1', '2019CSE001', '1005'),
(1360, '19CSE101', 'Present', '2020-11-16', 'p1', '2019CSE001', '1005'),
(1361, '19CSE102', 'Present', '2020-11-16', 'p1', '2019CSE001', '1005'),
(1362, '19CSE103', 'Present', '2020-11-16', 'p1', '2019CSE001', '1005'),
(1363, '19CSE104', 'Present', '2020-11-16', 'p1', '2019CSE001', '1005'),
(1364, '19CSE105', 'Present', '2020-11-16', 'p1', '2019CSE001', '1005'),
(1365, '19CSE106', 'Present', '2020-11-16', 'p1', '2019CSE001', '1005'),
(1366, '19CSE107', 'Present', '2020-11-16', 'p1', '2019CSE001', '1005'),
(1367, '19CSE108', 'Present', '2020-11-16', 'p1', '2019CSE001', '1005'),
(1368, '19CSE109', 'Present', '2020-11-16', 'p1', '2019CSE001', '1005'),
(1369, '19CSE110', 'Present', '2020-11-16', 'p1', '2019CSE001', '1005'),
(1370, '19CSE111', 'Present', '2020-11-16', 'p1', '2019CSE001', '1005'),
(1371, '19CSE112', 'Present', '2020-11-16', 'p1', '2019CSE001', '1005'),
(1372, '19CSE113', 'Present', '2020-11-16', 'p1', '2019CSE001', '1005'),
(1373, '19CSE114', 'Present', '2020-11-16', 'p1', '2019CSE001', '1005'),
(1374, '19CSE115', 'Present', '2020-11-16', 'p1', '2019CSE001', '1005'),
(1375, '19CSE116', 'Present', '2020-11-16', 'p1', '2019CSE001', '1005'),
(1376, '19CSE117', 'Present', '2020-11-16', 'p1', '2019CSE001', '1005'),
(1377, '19CSE118', 'Present', '2020-11-16', 'p1', '2019CSE001', '1005'),
(1378, '19CSE119', 'Present', '2020-11-16', 'p1', '2019CSE001', '1005'),
(1379, '19CSE120', 'Present', '2020-11-16', 'p1', '2019CSE001', '1005'),
(1380, '19CSE121', 'Present', '2020-11-16', 'p1', '2019CSE001', '1005'),
(1381, '19CSE122', 'Present', '2020-11-16', 'p1', '2019CSE001', '1005'),
(1382, '19CSE123', 'Present', '2020-11-16', 'p1', '2019CSE001', '1005'),
(1383, '19CSE124', 'Present', '2020-11-16', 'p1', '2019CSE001', '1005'),
(1384, '19CSE125', 'Present', '2020-11-16', 'p1', '2019CSE001', '1005'),
(1385, '19CSE126', 'Present', '2020-11-16', 'p1', '2019CSE001', '1005'),
(1386, '19CSE127', 'Present', '2020-11-16', 'p1', '2019CSE001', '1005'),
(1387, '19CSE128', 'Present', '2020-11-16', 'p1', '2019CSE001', '1005'),
(1388, '19CSE129', 'Present', '2020-11-16', 'p1', '2019CSE001', '1005'),
(1389, '19CSE130', 'Present', '2020-11-16', 'p1', '2019CSE001', '1005'),
(1390, '19CSE101', 'Present', '2020-11-17', 'p1', '2019CSE001', '1005'),
(1391, '19CSE102', 'Present', '2020-11-17', 'p1', '2019CSE001', '1005'),
(1392, '19CSE103', 'Present', '2020-11-17', 'p1', '2019CSE001', '1005'),
(1393, '19CSE104', 'Present', '2020-11-17', 'p1', '2019CSE001', '1005'),
(1394, '19CSE105', 'Present', '2020-11-17', 'p1', '2019CSE001', '1005'),
(1395, '19CSE106', 'Present', '2020-11-17', 'p1', '2019CSE001', '1005'),
(1396, '19CSE107', 'Present', '2020-11-17', 'p1', '2019CSE001', '1005'),
(1397, '19CSE108', 'Present', '2020-11-17', 'p1', '2019CSE001', '1005'),
(1398, '19CSE109', 'Present', '2020-11-17', 'p1', '2019CSE001', '1005'),
(1399, '19CSE110', 'Present', '2020-11-17', 'p1', '2019CSE001', '1005'),
(1400, '19CSE111', 'Present', '2020-11-17', 'p1', '2019CSE001', '1005'),
(1401, '19CSE112', 'Present', '2020-11-17', 'p1', '2019CSE001', '1005'),
(1402, '19CSE113', 'Present', '2020-11-17', 'p1', '2019CSE001', '1005'),
(1403, '19CSE114', 'Present', '2020-11-17', 'p1', '2019CSE001', '1005'),
(1404, '19CSE115', 'Present', '2020-11-17', 'p1', '2019CSE001', '1005'),
(1405, '19CSE116', 'Present', '2020-11-17', 'p1', '2019CSE001', '1005'),
(1406, '19CSE117', 'Present', '2020-11-17', 'p1', '2019CSE001', '1005'),
(1407, '19CSE118', 'Present', '2020-11-17', 'p1', '2019CSE001', '1005'),
(1408, '19CSE119', 'Present', '2020-11-17', 'p1', '2019CSE001', '1005'),
(1409, '19CSE120', 'Present', '2020-11-17', 'p1', '2019CSE001', '1005'),
(1410, '19CSE121', 'Present', '2020-11-17', 'p1', '2019CSE001', '1005'),
(1411, '19CSE122', 'Present', '2020-11-17', 'p1', '2019CSE001', '1005'),
(1412, '19CSE123', 'Present', '2020-11-17', 'p1', '2019CSE001', '1005'),
(1413, '19CSE124', 'Present', '2020-11-17', 'p1', '2019CSE001', '1005'),
(1414, '19CSE125', 'Present', '2020-11-17', 'p1', '2019CSE001', '1005'),
(1415, '19CSE126', 'Present', '2020-11-17', 'p1', '2019CSE001', '1005'),
(1416, '19CSE127', 'Present', '2020-11-17', 'p1', '2019CSE001', '1005'),
(1417, '19CSE128', 'Present', '2020-11-17', 'p1', '2019CSE001', '1005'),
(1418, '19CSE129', 'Present', '2020-11-17', 'p1', '2019CSE001', '1005'),
(1419, '19CSE130', 'Absent', '2020-11-17', 'p1', '2019CSE001', '1005'),
(1420, '19CSE101', 'Present', '2020-11-24', 'p1', '2019CSE001', '1005'),
(1421, '19CSE102', 'Absent', '2020-11-24', 'p1', '2019CSE001', '1005'),
(1422, '19CSE103', 'Absent', '2020-11-24', 'p1', '2019CSE001', '1005'),
(1423, '19CSE104', 'Absent', '2020-11-24', 'p1', '2019CSE001', '1005'),
(1424, '19CSE105', 'Absent', '2020-11-24', 'p1', '2019CSE001', '1005'),
(1425, '19CSE106', 'Absent', '2020-11-24', 'p1', '2019CSE001', '1005'),
(1426, '19CSE107', 'Absent', '2020-11-24', 'p1', '2019CSE001', '1005'),
(1427, '19CSE108', 'Absent', '2020-11-24', 'p1', '2019CSE001', '1005'),
(1428, '19CSE109', 'Absent', '2020-11-24', 'p1', '2019CSE001', '1005'),
(1429, '19CSE110', 'Absent', '2020-11-24', 'p1', '2019CSE001', '1005'),
(1430, '19CSE111', 'Absent', '2020-11-24', 'p1', '2019CSE001', '1005'),
(1431, '19CSE112', 'Absent', '2020-11-24', 'p1', '2019CSE001', '1005'),
(1432, '19CSE113', 'Absent', '2020-11-24', 'p1', '2019CSE001', '1005'),
(1433, '19CSE114', 'Absent', '2020-11-24', 'p1', '2019CSE001', '1005'),
(1434, '19CSE115', 'Absent', '2020-11-24', 'p1', '2019CSE001', '1005'),
(1435, '19CSE116', 'Absent', '2020-11-24', 'p1', '2019CSE001', '1005'),
(1436, '19CSE117', 'Absent', '2020-11-24', 'p1', '2019CSE001', '1005'),
(1437, '19CSE118', 'Absent', '2020-11-24', 'p1', '2019CSE001', '1005'),
(1438, '19CSE119', 'Absent', '2020-11-24', 'p1', '2019CSE001', '1005'),
(1439, '19CSE120', 'Absent', '2020-11-24', 'p1', '2019CSE001', '1005'),
(1440, '19CSE121', 'Absent', '2020-11-24', 'p1', '2019CSE001', '1005'),
(1441, '19CSE122', 'Absent', '2020-11-24', 'p1', '2019CSE001', '1005'),
(1442, '19CSE123', 'Absent', '2020-11-24', 'p1', '2019CSE001', '1005'),
(1443, '19CSE124', 'Absent', '2020-11-24', 'p1', '2019CSE001', '1005'),
(1444, '19CSE125', 'Absent', '2020-11-24', 'p1', '2019CSE001', '1005'),
(1445, '19CSE126', 'Absent', '2020-11-24', 'p1', '2019CSE001', '1005'),
(1446, '19CSE127', 'Absent', '2020-11-24', 'p1', '2019CSE001', '1005'),
(1447, '19CSE128', 'Absent', '2020-11-24', 'p1', '2019CSE001', '1005'),
(1448, '19CSE129', 'Absent', '2020-11-24', 'p1', '2019CSE001', '1005'),
(1449, '19CSE130', 'Absent', '2020-11-24', 'p1', '2019CSE001', '1005'),
(1450, '19CSE101', 'Present', '2020-11-25', 'p1', '2019CSE001', '1005'),
(1451, '19CSE102', 'Present', '2020-11-25', 'p1', '2019CSE001', '1005'),
(1452, '19CSE103', 'Present', '2020-11-25', 'p1', '2019CSE001', '1005'),
(1453, '19CSE104', 'Present', '2020-11-25', 'p1', '2019CSE001', '1005'),
(1454, '19CSE105', 'Present', '2020-11-25', 'p1', '2019CSE001', '1005'),
(1455, '19CSE106', 'Present', '2020-11-25', 'p1', '2019CSE001', '1005'),
(1456, '19CSE107', 'Present', '2020-11-25', 'p1', '2019CSE001', '1005'),
(1457, '19CSE108', 'Present', '2020-11-25', 'p1', '2019CSE001', '1005'),
(1458, '19CSE109', 'Present', '2020-11-25', 'p1', '2019CSE001', '1005'),
(1459, '19CSE110', 'Present', '2020-11-25', 'p1', '2019CSE001', '1005');
INSERT INTO `attendance` (`id`, `stu_id`, `status`, `date`, `slot`, `group_id`, `fac_id`) VALUES
(1460, '19CSE111', 'Present', '2020-11-25', 'p1', '2019CSE001', '1005'),
(1461, '19CSE112', 'Present', '2020-11-25', 'p1', '2019CSE001', '1005'),
(1462, '19CSE113', 'Present', '2020-11-25', 'p1', '2019CSE001', '1005'),
(1463, '19CSE114', 'Present', '2020-11-25', 'p1', '2019CSE001', '1005'),
(1464, '19CSE115', 'Present', '2020-11-25', 'p1', '2019CSE001', '1005'),
(1465, '19CSE116', 'Present', '2020-11-25', 'p1', '2019CSE001', '1005'),
(1466, '19CSE117', 'Present', '2020-11-25', 'p1', '2019CSE001', '1005'),
(1467, '19CSE118', 'Present', '2020-11-25', 'p1', '2019CSE001', '1005'),
(1468, '19CSE119', 'Present', '2020-11-25', 'p1', '2019CSE001', '1005'),
(1469, '19CSE120', 'Present', '2020-11-25', 'p1', '2019CSE001', '1005'),
(1470, '19CSE121', 'Present', '2020-11-25', 'p1', '2019CSE001', '1005'),
(1471, '19CSE122', 'Present', '2020-11-25', 'p1', '2019CSE001', '1005'),
(1472, '19CSE123', 'Present', '2020-11-25', 'p1', '2019CSE001', '1005'),
(1473, '19CSE124', 'Present', '2020-11-25', 'p1', '2019CSE001', '1005'),
(1474, '19CSE125', 'Present', '2020-11-25', 'p1', '2019CSE001', '1005'),
(1475, '19CSE126', 'Present', '2020-11-25', 'p1', '2019CSE001', '1005'),
(1476, '19CSE127', 'Present', '2020-11-25', 'p1', '2019CSE001', '1005'),
(1477, '19CSE128', 'Present', '2020-11-25', 'p1', '2019CSE001', '1005'),
(1478, '19CSE129', 'Present', '2020-11-25', 'p1', '2019CSE001', '1005'),
(1479, '19CSE130', 'Absent', '2020-11-25', 'p1', '2019CSE001', '1005'),
(1480, '19CSE101', 'Present', '2020-10-06', 'l2', '2019CSE001', '1003'),
(1481, '19CSE102', 'Present', '2020-10-06', 'l2', '2019CSE001', '1003'),
(1482, '19CSE103', 'Present', '2020-10-06', 'l2', '2019CSE001', '1003'),
(1483, '19CSE104', 'Present', '2020-10-06', 'l2', '2019CSE001', '1003'),
(1484, '19CSE105', 'Present', '2020-10-06', 'l2', '2019CSE001', '1003'),
(1485, '19CSE106', 'Present', '2020-10-06', 'l2', '2019CSE001', '1003'),
(1486, '19CSE107', 'Present', '2020-10-06', 'l2', '2019CSE001', '1003'),
(1487, '19CSE108', 'Present', '2020-10-06', 'l2', '2019CSE001', '1003'),
(1488, '19CSE109', 'Present', '2020-10-06', 'l2', '2019CSE001', '1003'),
(1489, '19CSE110', 'Present', '2020-10-06', 'l2', '2019CSE001', '1003'),
(1490, '19CSE111', 'Present', '2020-10-06', 'l2', '2019CSE001', '1003'),
(1491, '19CSE112', 'Present', '2020-10-06', 'l2', '2019CSE001', '1003'),
(1492, '19CSE113', 'Present', '2020-10-06', 'l2', '2019CSE001', '1003'),
(1493, '19CSE114', 'Present', '2020-10-06', 'l2', '2019CSE001', '1003'),
(1494, '19CSE115', 'Present', '2020-10-06', 'l2', '2019CSE001', '1003'),
(1495, '19CSE116', 'Present', '2020-10-06', 'l2', '2019CSE001', '1003'),
(1496, '19CSE117', 'Present', '2020-10-06', 'l2', '2019CSE001', '1003'),
(1497, '19CSE118', 'Present', '2020-10-06', 'l2', '2019CSE001', '1003'),
(1498, '19CSE119', 'Present', '2020-10-06', 'l2', '2019CSE001', '1003'),
(1499, '19CSE120', 'Present', '2020-10-06', 'l2', '2019CSE001', '1003'),
(1500, '19CSE121', 'Present', '2020-10-06', 'l2', '2019CSE001', '1003'),
(1501, '19CSE122', 'Present', '2020-10-06', 'l2', '2019CSE001', '1003'),
(1502, '19CSE123', 'Present', '2020-10-06', 'l2', '2019CSE001', '1003'),
(1503, '19CSE124', 'Present', '2020-10-06', 'l2', '2019CSE001', '1003'),
(1504, '19CSE125', 'Present', '2020-10-06', 'l2', '2019CSE001', '1003'),
(1505, '19CSE126', 'Present', '2020-10-06', 'l2', '2019CSE001', '1003'),
(1506, '19CSE127', 'Present', '2020-10-06', 'l2', '2019CSE001', '1003'),
(1507, '19CSE128', 'Present', '2020-10-06', 'l2', '2019CSE001', '1003'),
(1508, '19CSE129', 'Present', '2020-10-06', 'l2', '2019CSE001', '1003'),
(1509, '19CSE130', 'Present', '2020-10-06', 'l2', '2019CSE001', '1003'),
(1510, '19CSE101', 'Present', '2020-10-13', 'l2', '2019CSE001', '1003'),
(1511, '19CSE102', 'Present', '2020-10-13', 'l2', '2019CSE001', '1003'),
(1512, '19CSE103', 'Present', '2020-10-13', 'l2', '2019CSE001', '1003'),
(1513, '19CSE104', 'Present', '2020-10-13', 'l2', '2019CSE001', '1003'),
(1514, '19CSE105', 'Present', '2020-10-13', 'l2', '2019CSE001', '1003'),
(1515, '19CSE106', 'Present', '2020-10-13', 'l2', '2019CSE001', '1003'),
(1516, '19CSE107', 'Present', '2020-10-13', 'l2', '2019CSE001', '1003'),
(1517, '19CSE108', 'Present', '2020-10-13', 'l2', '2019CSE001', '1003'),
(1518, '19CSE109', 'Present', '2020-10-13', 'l2', '2019CSE001', '1003'),
(1519, '19CSE110', 'Present', '2020-10-13', 'l2', '2019CSE001', '1003'),
(1520, '19CSE111', 'Present', '2020-10-13', 'l2', '2019CSE001', '1003'),
(1521, '19CSE112', 'Present', '2020-10-13', 'l2', '2019CSE001', '1003'),
(1522, '19CSE113', 'Present', '2020-10-13', 'l2', '2019CSE001', '1003'),
(1523, '19CSE114', 'Present', '2020-10-13', 'l2', '2019CSE001', '1003'),
(1524, '19CSE115', 'Present', '2020-10-13', 'l2', '2019CSE001', '1003'),
(1525, '19CSE116', 'Present', '2020-10-13', 'l2', '2019CSE001', '1003'),
(1526, '19CSE117', 'Present', '2020-10-13', 'l2', '2019CSE001', '1003'),
(1527, '19CSE118', 'Present', '2020-10-13', 'l2', '2019CSE001', '1003'),
(1528, '19CSE119', 'Present', '2020-10-13', 'l2', '2019CSE001', '1003'),
(1529, '19CSE120', 'Present', '2020-10-13', 'l2', '2019CSE001', '1003'),
(1530, '19CSE121', 'Present', '2020-10-13', 'l2', '2019CSE001', '1003'),
(1531, '19CSE122', 'Present', '2020-10-13', 'l2', '2019CSE001', '1003'),
(1532, '19CSE123', 'Present', '2020-10-13', 'l2', '2019CSE001', '1003'),
(1533, '19CSE124', 'Present', '2020-10-13', 'l2', '2019CSE001', '1003'),
(1534, '19CSE125', 'Present', '2020-10-13', 'l2', '2019CSE001', '1003'),
(1535, '19CSE126', 'Present', '2020-10-13', 'l2', '2019CSE001', '1003'),
(1536, '19CSE127', 'Present', '2020-10-13', 'l2', '2019CSE001', '1003'),
(1537, '19CSE128', 'Present', '2020-10-13', 'l2', '2019CSE001', '1003'),
(1538, '19CSE129', 'Present', '2020-10-13', 'l2', '2019CSE001', '1003'),
(1539, '19CSE130', 'Present', '2020-10-13', 'l2', '2019CSE001', '1003'),
(1540, '19CSE101', 'Present', '2020-10-20', 'l2', '2019CSE001', '1003'),
(1541, '19CSE102', 'Present', '2020-10-20', 'l2', '2019CSE001', '1003'),
(1542, '19CSE103', 'Present', '2020-10-20', 'l2', '2019CSE001', '1003'),
(1543, '19CSE104', 'Present', '2020-10-20', 'l2', '2019CSE001', '1003'),
(1544, '19CSE105', 'Present', '2020-10-20', 'l2', '2019CSE001', '1003'),
(1545, '19CSE106', 'Present', '2020-10-20', 'l2', '2019CSE001', '1003'),
(1546, '19CSE107', 'Present', '2020-10-20', 'l2', '2019CSE001', '1003'),
(1547, '19CSE108', 'Present', '2020-10-20', 'l2', '2019CSE001', '1003'),
(1548, '19CSE109', 'Present', '2020-10-20', 'l2', '2019CSE001', '1003'),
(1549, '19CSE110', 'Present', '2020-10-20', 'l2', '2019CSE001', '1003'),
(1550, '19CSE111', 'Present', '2020-10-20', 'l2', '2019CSE001', '1003'),
(1551, '19CSE112', 'Present', '2020-10-20', 'l2', '2019CSE001', '1003'),
(1552, '19CSE113', 'Present', '2020-10-20', 'l2', '2019CSE001', '1003'),
(1553, '19CSE114', 'Present', '2020-10-20', 'l2', '2019CSE001', '1003'),
(1554, '19CSE115', 'Present', '2020-10-20', 'l2', '2019CSE001', '1003'),
(1555, '19CSE116', 'Present', '2020-10-20', 'l2', '2019CSE001', '1003'),
(1556, '19CSE117', 'Present', '2020-10-20', 'l2', '2019CSE001', '1003'),
(1557, '19CSE118', 'Present', '2020-10-20', 'l2', '2019CSE001', '1003'),
(1558, '19CSE119', 'Present', '2020-10-20', 'l2', '2019CSE001', '1003'),
(1559, '19CSE120', 'Present', '2020-10-20', 'l2', '2019CSE001', '1003'),
(1560, '19CSE121', 'Present', '2020-10-20', 'l2', '2019CSE001', '1003'),
(1561, '19CSE122', 'Present', '2020-10-20', 'l2', '2019CSE001', '1003'),
(1562, '19CSE123', 'Present', '2020-10-20', 'l2', '2019CSE001', '1003'),
(1563, '19CSE124', 'Present', '2020-10-20', 'l2', '2019CSE001', '1003'),
(1564, '19CSE125', 'Present', '2020-10-20', 'l2', '2019CSE001', '1003'),
(1565, '19CSE126', 'Present', '2020-10-20', 'l2', '2019CSE001', '1003'),
(1566, '19CSE127', 'Present', '2020-10-20', 'l2', '2019CSE001', '1003'),
(1567, '19CSE128', 'Present', '2020-10-20', 'l2', '2019CSE001', '1003'),
(1568, '19CSE129', 'Present', '2020-10-20', 'l2', '2019CSE001', '1003'),
(1569, '19CSE130', 'Present', '2020-10-20', 'l2', '2019CSE001', '1003'),
(1570, '19CSE101', 'Present', '2020-10-27', 'l2', '2019CSE001', '1003'),
(1571, '19CSE102', 'Present', '2020-10-27', 'l2', '2019CSE001', '1003'),
(1572, '19CSE103', 'Present', '2020-10-27', 'l2', '2019CSE001', '1003'),
(1573, '19CSE104', 'Present', '2020-10-27', 'l2', '2019CSE001', '1003'),
(1574, '19CSE105', 'Present', '2020-10-27', 'l2', '2019CSE001', '1003'),
(1575, '19CSE106', 'Present', '2020-10-27', 'l2', '2019CSE001', '1003'),
(1576, '19CSE107', 'Present', '2020-10-27', 'l2', '2019CSE001', '1003'),
(1577, '19CSE108', 'Present', '2020-10-27', 'l2', '2019CSE001', '1003'),
(1578, '19CSE109', 'Present', '2020-10-27', 'l2', '2019CSE001', '1003'),
(1579, '19CSE110', 'Present', '2020-10-27', 'l2', '2019CSE001', '1003'),
(1580, '19CSE111', 'Present', '2020-10-27', 'l2', '2019CSE001', '1003'),
(1581, '19CSE112', 'Present', '2020-10-27', 'l2', '2019CSE001', '1003'),
(1582, '19CSE113', 'Present', '2020-10-27', 'l2', '2019CSE001', '1003'),
(1583, '19CSE114', 'Present', '2020-10-27', 'l2', '2019CSE001', '1003'),
(1584, '19CSE115', 'Present', '2020-10-27', 'l2', '2019CSE001', '1003'),
(1585, '19CSE116', 'Present', '2020-10-27', 'l2', '2019CSE001', '1003'),
(1586, '19CSE117', 'Present', '2020-10-27', 'l2', '2019CSE001', '1003'),
(1587, '19CSE118', 'Present', '2020-10-27', 'l2', '2019CSE001', '1003'),
(1588, '19CSE119', 'Present', '2020-10-27', 'l2', '2019CSE001', '1003'),
(1589, '19CSE120', 'Present', '2020-10-27', 'l2', '2019CSE001', '1003'),
(1590, '19CSE121', 'Present', '2020-10-27', 'l2', '2019CSE001', '1003'),
(1591, '19CSE122', 'Present', '2020-10-27', 'l2', '2019CSE001', '1003'),
(1592, '19CSE123', 'Present', '2020-10-27', 'l2', '2019CSE001', '1003'),
(1593, '19CSE124', 'Present', '2020-10-27', 'l2', '2019CSE001', '1003'),
(1594, '19CSE125', 'Present', '2020-10-27', 'l2', '2019CSE001', '1003'),
(1595, '19CSE126', 'Present', '2020-10-27', 'l2', '2019CSE001', '1003'),
(1596, '19CSE127', 'Present', '2020-10-27', 'l2', '2019CSE001', '1003'),
(1597, '19CSE128', 'Present', '2020-10-27', 'l2', '2019CSE001', '1003'),
(1598, '19CSE129', 'Present', '2020-10-27', 'l2', '2019CSE001', '1003'),
(1599, '19CSE130', 'Present', '2020-10-27', 'l2', '2019CSE001', '1003'),
(1600, '19CSE101', 'Present', '2020-11-03', 'l2', '2019CSE001', '1003'),
(1601, '19CSE102', 'Present', '2020-11-03', 'l2', '2019CSE001', '1003'),
(1602, '19CSE103', 'Present', '2020-11-03', 'l2', '2019CSE001', '1003'),
(1603, '19CSE104', 'Present', '2020-11-03', 'l2', '2019CSE001', '1003'),
(1604, '19CSE105', 'Present', '2020-11-03', 'l2', '2019CSE001', '1003'),
(1605, '19CSE106', 'Present', '2020-11-03', 'l2', '2019CSE001', '1003'),
(1606, '19CSE107', 'Present', '2020-11-03', 'l2', '2019CSE001', '1003'),
(1607, '19CSE108', 'Present', '2020-11-03', 'l2', '2019CSE001', '1003'),
(1608, '19CSE109', 'Present', '2020-11-03', 'l2', '2019CSE001', '1003'),
(1609, '19CSE110', 'Present', '2020-11-03', 'l2', '2019CSE001', '1003'),
(1610, '19CSE111', 'Present', '2020-11-03', 'l2', '2019CSE001', '1003'),
(1611, '19CSE112', 'Present', '2020-11-03', 'l2', '2019CSE001', '1003'),
(1612, '19CSE113', 'Present', '2020-11-03', 'l2', '2019CSE001', '1003'),
(1613, '19CSE114', 'Present', '2020-11-03', 'l2', '2019CSE001', '1003'),
(1614, '19CSE115', 'Present', '2020-11-03', 'l2', '2019CSE001', '1003'),
(1615, '19CSE116', 'Present', '2020-11-03', 'l2', '2019CSE001', '1003'),
(1616, '19CSE117', 'Present', '2020-11-03', 'l2', '2019CSE001', '1003'),
(1617, '19CSE118', 'Present', '2020-11-03', 'l2', '2019CSE001', '1003'),
(1618, '19CSE119', 'Present', '2020-11-03', 'l2', '2019CSE001', '1003'),
(1619, '19CSE120', 'Present', '2020-11-03', 'l2', '2019CSE001', '1003'),
(1620, '19CSE121', 'Present', '2020-11-03', 'l2', '2019CSE001', '1003'),
(1621, '19CSE122', 'Present', '2020-11-03', 'l2', '2019CSE001', '1003'),
(1622, '19CSE123', 'Present', '2020-11-03', 'l2', '2019CSE001', '1003'),
(1623, '19CSE124', 'Present', '2020-11-03', 'l2', '2019CSE001', '1003'),
(1624, '19CSE125', 'Present', '2020-11-03', 'l2', '2019CSE001', '1003'),
(1625, '19CSE126', 'Present', '2020-11-03', 'l2', '2019CSE001', '1003'),
(1626, '19CSE127', 'Present', '2020-11-03', 'l2', '2019CSE001', '1003'),
(1627, '19CSE128', 'Present', '2020-11-03', 'l2', '2019CSE001', '1003'),
(1628, '19CSE129', 'Present', '2020-11-03', 'l2', '2019CSE001', '1003'),
(1629, '19CSE130', 'Present', '2020-11-03', 'l2', '2019CSE001', '1003'),
(1630, '19CSE101', 'Present', '2020-11-10', 'l2', '2019CSE001', '1003'),
(1631, '19CSE102', 'Present', '2020-11-10', 'l2', '2019CSE001', '1003'),
(1632, '19CSE103', 'Present', '2020-11-10', 'l2', '2019CSE001', '1003'),
(1633, '19CSE104', 'Present', '2020-11-10', 'l2', '2019CSE001', '1003'),
(1634, '19CSE105', 'Present', '2020-11-10', 'l2', '2019CSE001', '1003'),
(1635, '19CSE106', 'Present', '2020-11-10', 'l2', '2019CSE001', '1003'),
(1636, '19CSE107', 'Present', '2020-11-10', 'l2', '2019CSE001', '1003'),
(1637, '19CSE108', 'Present', '2020-11-10', 'l2', '2019CSE001', '1003'),
(1638, '19CSE109', 'Present', '2020-11-10', 'l2', '2019CSE001', '1003'),
(1639, '19CSE110', 'Present', '2020-11-10', 'l2', '2019CSE001', '1003'),
(1640, '19CSE111', 'Present', '2020-11-10', 'l2', '2019CSE001', '1003'),
(1641, '19CSE112', 'Present', '2020-11-10', 'l2', '2019CSE001', '1003'),
(1642, '19CSE113', 'Present', '2020-11-10', 'l2', '2019CSE001', '1003'),
(1643, '19CSE114', 'Present', '2020-11-10', 'l2', '2019CSE001', '1003'),
(1644, '19CSE115', 'Present', '2020-11-10', 'l2', '2019CSE001', '1003'),
(1645, '19CSE116', 'Present', '2020-11-10', 'l2', '2019CSE001', '1003'),
(1646, '19CSE117', 'Present', '2020-11-10', 'l2', '2019CSE001', '1003'),
(1647, '19CSE118', 'Present', '2020-11-10', 'l2', '2019CSE001', '1003'),
(1648, '19CSE119', 'Present', '2020-11-10', 'l2', '2019CSE001', '1003'),
(1649, '19CSE120', 'Present', '2020-11-10', 'l2', '2019CSE001', '1003'),
(1650, '19CSE121', 'Present', '2020-11-10', 'l2', '2019CSE001', '1003'),
(1651, '19CSE122', 'Present', '2020-11-10', 'l2', '2019CSE001', '1003'),
(1652, '19CSE123', 'Present', '2020-11-10', 'l2', '2019CSE001', '1003'),
(1653, '19CSE124', 'Present', '2020-11-10', 'l2', '2019CSE001', '1003'),
(1654, '19CSE125', 'Present', '2020-11-10', 'l2', '2019CSE001', '1003'),
(1655, '19CSE126', 'Present', '2020-11-10', 'l2', '2019CSE001', '1003'),
(1656, '19CSE127', 'Present', '2020-11-10', 'l2', '2019CSE001', '1003'),
(1657, '19CSE128', 'Present', '2020-11-10', 'l2', '2019CSE001', '1003'),
(1658, '19CSE129', 'Present', '2020-11-10', 'l2', '2019CSE001', '1003'),
(1659, '19CSE130', 'Present', '2020-11-10', 'l2', '2019CSE001', '1003'),
(1660, '19CSE101', 'Present', '2020-11-17', 'l2', '2019CSE001', '1003'),
(1661, '19CSE102', 'Present', '2020-11-17', 'l2', '2019CSE001', '1003'),
(1662, '19CSE103', 'Present', '2020-11-17', 'l2', '2019CSE001', '1003'),
(1663, '19CSE104', 'Present', '2020-11-17', 'l2', '2019CSE001', '1003'),
(1664, '19CSE105', 'Present', '2020-11-17', 'l2', '2019CSE001', '1003'),
(1665, '19CSE106', 'Present', '2020-11-17', 'l2', '2019CSE001', '1003'),
(1666, '19CSE107', 'Present', '2020-11-17', 'l2', '2019CSE001', '1003'),
(1667, '19CSE108', 'Present', '2020-11-17', 'l2', '2019CSE001', '1003'),
(1668, '19CSE109', 'Present', '2020-11-17', 'l2', '2019CSE001', '1003'),
(1669, '19CSE110', 'Present', '2020-11-17', 'l2', '2019CSE001', '1003'),
(1670, '19CSE111', 'Present', '2020-11-17', 'l2', '2019CSE001', '1003'),
(1671, '19CSE112', 'Present', '2020-11-17', 'l2', '2019CSE001', '1003'),
(1672, '19CSE113', 'Present', '2020-11-17', 'l2', '2019CSE001', '1003'),
(1673, '19CSE114', 'Present', '2020-11-17', 'l2', '2019CSE001', '1003'),
(1674, '19CSE115', 'Present', '2020-11-17', 'l2', '2019CSE001', '1003'),
(1675, '19CSE116', 'Present', '2020-11-17', 'l2', '2019CSE001', '1003'),
(1676, '19CSE117', 'Present', '2020-11-17', 'l2', '2019CSE001', '1003'),
(1677, '19CSE118', 'Present', '2020-11-17', 'l2', '2019CSE001', '1003'),
(1678, '19CSE119', 'Present', '2020-11-17', 'l2', '2019CSE001', '1003'),
(1679, '19CSE120', 'Present', '2020-11-17', 'l2', '2019CSE001', '1003'),
(1680, '19CSE121', 'Present', '2020-11-17', 'l2', '2019CSE001', '1003'),
(1681, '19CSE122', 'Present', '2020-11-17', 'l2', '2019CSE001', '1003'),
(1682, '19CSE123', 'Present', '2020-11-17', 'l2', '2019CSE001', '1003'),
(1683, '19CSE124', 'Present', '2020-11-17', 'l2', '2019CSE001', '1003'),
(1684, '19CSE125', 'Present', '2020-11-17', 'l2', '2019CSE001', '1003'),
(1685, '19CSE126', 'Present', '2020-11-17', 'l2', '2019CSE001', '1003'),
(1686, '19CSE127', 'Present', '2020-11-17', 'l2', '2019CSE001', '1003'),
(1687, '19CSE128', 'Present', '2020-11-17', 'l2', '2019CSE001', '1003'),
(1688, '19CSE129', 'Present', '2020-11-17', 'l2', '2019CSE001', '1003'),
(1689, '19CSE130', 'Present', '2020-11-17', 'l2', '2019CSE001', '1003'),
(1690, '19CSE101', 'Present', '2020-11-24', 'l2', '2019CSE001', '1003'),
(1691, '19CSE102', 'Present', '2020-11-24', 'l2', '2019CSE001', '1003'),
(1692, '19CSE103', 'Present', '2020-11-24', 'l2', '2019CSE001', '1003'),
(1693, '19CSE104', 'Present', '2020-11-24', 'l2', '2019CSE001', '1003'),
(1694, '19CSE105', 'Present', '2020-11-24', 'l2', '2019CSE001', '1003'),
(1695, '19CSE106', 'Present', '2020-11-24', 'l2', '2019CSE001', '1003'),
(1696, '19CSE107', 'Present', '2020-11-24', 'l2', '2019CSE001', '1003'),
(1697, '19CSE108', 'Present', '2020-11-24', 'l2', '2019CSE001', '1003'),
(1698, '19CSE109', 'Present', '2020-11-24', 'l2', '2019CSE001', '1003'),
(1699, '19CSE110', 'Present', '2020-11-24', 'l2', '2019CSE001', '1003'),
(1700, '19CSE111', 'Present', '2020-11-24', 'l2', '2019CSE001', '1003'),
(1701, '19CSE112', 'Present', '2020-11-24', 'l2', '2019CSE001', '1003'),
(1702, '19CSE113', 'Present', '2020-11-24', 'l2', '2019CSE001', '1003'),
(1703, '19CSE114', 'Present', '2020-11-24', 'l2', '2019CSE001', '1003'),
(1704, '19CSE115', 'Present', '2020-11-24', 'l2', '2019CSE001', '1003'),
(1705, '19CSE116', 'Present', '2020-11-24', 'l2', '2019CSE001', '1003'),
(1706, '19CSE117', 'Present', '2020-11-24', 'l2', '2019CSE001', '1003'),
(1707, '19CSE118', 'Present', '2020-11-24', 'l2', '2019CSE001', '1003'),
(1708, '19CSE119', 'Present', '2020-11-24', 'l2', '2019CSE001', '1003'),
(1709, '19CSE120', 'Present', '2020-11-24', 'l2', '2019CSE001', '1003'),
(1710, '19CSE121', 'Present', '2020-11-24', 'l2', '2019CSE001', '1003'),
(1711, '19CSE122', 'Present', '2020-11-24', 'l2', '2019CSE001', '1003'),
(1712, '19CSE123', 'Present', '2020-11-24', 'l2', '2019CSE001', '1003'),
(1713, '19CSE124', 'Present', '2020-11-24', 'l2', '2019CSE001', '1003'),
(1714, '19CSE125', 'Present', '2020-11-24', 'l2', '2019CSE001', '1003'),
(1715, '19CSE126', 'Present', '2020-11-24', 'l2', '2019CSE001', '1003'),
(1716, '19CSE127', 'Present', '2020-11-24', 'l2', '2019CSE001', '1003'),
(1717, '19CSE128', 'Present', '2020-11-24', 'l2', '2019CSE001', '1003'),
(1718, '19CSE129', 'Present', '2020-11-24', 'l2', '2019CSE001', '1003'),
(1719, '19CSE130', 'Present', '2020-11-24', 'l2', '2019CSE001', '1003'),
(1720, '19CSE131', 'Present', '2020-10-06', 'p5', '2019CSE002', '1003'),
(1721, '19CSE132', 'Present', '2020-10-06', 'p5', '2019CSE002', '1003'),
(1722, '19CSE133', 'Present', '2020-10-06', 'p5', '2019CSE002', '1003'),
(1723, '19CSE134', 'Present', '2020-10-06', 'p5', '2019CSE002', '1003'),
(1724, '19CSE135', 'Present', '2020-10-06', 'p5', '2019CSE002', '1003'),
(1725, '19CSE136', 'Present', '2020-10-06', 'p5', '2019CSE002', '1003'),
(1726, '19CSE137', 'Present', '2020-10-06', 'p5', '2019CSE002', '1003'),
(1727, '19CSE138', 'Present', '2020-10-06', 'p5', '2019CSE002', '1003'),
(1728, '19CSE139', 'Present', '2020-10-06', 'p5', '2019CSE002', '1003'),
(1729, '19CSE140', 'Present', '2020-10-06', 'p5', '2019CSE002', '1003'),
(1730, '19CSE141', 'Present', '2020-10-06', 'p5', '2019CSE002', '1003'),
(1731, '19CSE142', 'Present', '2020-10-06', 'p5', '2019CSE002', '1003'),
(1732, '19CSE143', 'Present', '2020-10-06', 'p5', '2019CSE002', '1003'),
(1733, '19CSE144', 'Present', '2020-10-06', 'p5', '2019CSE002', '1003'),
(1734, '19CSE145', 'Present', '2020-10-06', 'p5', '2019CSE002', '1003'),
(1735, '19CSE146', 'Present', '2020-10-06', 'p5', '2019CSE002', '1003'),
(1736, '19CSE147', 'Present', '2020-10-06', 'p5', '2019CSE002', '1003'),
(1737, '19CSE148', 'Present', '2020-10-06', 'p5', '2019CSE002', '1003'),
(1738, '19CSE149', 'Present', '2020-10-06', 'p5', '2019CSE002', '1003'),
(1739, '19CSE150', 'Present', '2020-10-06', 'p5', '2019CSE002', '1003'),
(1740, '19CSE151', 'Present', '2020-10-06', 'p5', '2019CSE002', '1003'),
(1741, '19CSE152', 'Present', '2020-10-06', 'p5', '2019CSE002', '1003'),
(1742, '19CSE153', 'Present', '2020-10-06', 'p5', '2019CSE002', '1003'),
(1743, '19CSE154', 'Present', '2020-10-06', 'p5', '2019CSE002', '1003'),
(1744, '19CSE155', 'Present', '2020-10-06', 'p5', '2019CSE002', '1003'),
(1745, '19CSE156', 'Present', '2020-10-06', 'p5', '2019CSE002', '1003'),
(1746, '19CSE157', 'Present', '2020-10-06', 'p5', '2019CSE002', '1003'),
(1747, '19CSE158', 'Present', '2020-10-06', 'p5', '2019CSE002', '1003'),
(1748, '19CSE159', 'Present', '2020-10-06', 'p5', '2019CSE002', '1003'),
(1749, '19CSE160', 'Present', '2020-10-06', 'p5', '2019CSE002', '1003'),
(1750, '19CSE101', 'Present', '2020-11-24', 'p5', '2019CSE001', '1001'),
(1751, '19CSE102', 'Present', '2020-11-24', 'p5', '2019CSE001', '1001'),
(1752, '19CSE103', 'Present', '2020-11-24', 'p5', '2019CSE001', '1001'),
(1753, '19CSE104', 'Present', '2020-11-24', 'p5', '2019CSE001', '1001'),
(1754, '19CSE105', 'Present', '2020-11-24', 'p5', '2019CSE001', '1001'),
(1755, '19CSE106', 'Present', '2020-11-24', 'p5', '2019CSE001', '1001'),
(1756, '19CSE107', 'Present', '2020-11-24', 'p5', '2019CSE001', '1001'),
(1757, '19CSE108', 'Present', '2020-11-24', 'p5', '2019CSE001', '1001'),
(1758, '19CSE109', 'Present', '2020-11-24', 'p5', '2019CSE001', '1001'),
(1759, '19CSE110', 'Present', '2020-11-24', 'p5', '2019CSE001', '1001'),
(1760, '19CSE111', 'Present', '2020-11-24', 'p5', '2019CSE001', '1001'),
(1761, '19CSE112', 'Present', '2020-11-24', 'p5', '2019CSE001', '1001'),
(1762, '19CSE113', 'Present', '2020-11-24', 'p5', '2019CSE001', '1001'),
(1763, '19CSE114', 'Present', '2020-11-24', 'p5', '2019CSE001', '1001'),
(1764, '19CSE115', 'Present', '2020-11-24', 'p5', '2019CSE001', '1001'),
(1765, '19CSE116', 'Present', '2020-11-24', 'p5', '2019CSE001', '1001'),
(1766, '19CSE117', 'Present', '2020-11-24', 'p5', '2019CSE001', '1001'),
(1767, '19CSE118', 'Present', '2020-11-24', 'p5', '2019CSE001', '1001'),
(1768, '19CSE119', 'Present', '2020-11-24', 'p5', '2019CSE001', '1001'),
(1769, '19CSE120', 'Present', '2020-11-24', 'p5', '2019CSE001', '1001'),
(1770, '19CSE121', 'Present', '2020-11-24', 'p5', '2019CSE001', '1001'),
(1771, '19CSE122', 'Present', '2020-11-24', 'p5', '2019CSE001', '1001'),
(1772, '19CSE123', 'Present', '2020-11-24', 'p5', '2019CSE001', '1001'),
(1773, '19CSE124', 'Present', '2020-11-24', 'p5', '2019CSE001', '1001'),
(1774, '19CSE125', 'Present', '2020-11-24', 'p5', '2019CSE001', '1001'),
(1775, '19CSE126', 'Present', '2020-11-24', 'p5', '2019CSE001', '1001'),
(1776, '19CSE127', 'Present', '2020-11-24', 'p5', '2019CSE001', '1001'),
(1777, '19CSE128', 'Present', '2020-11-24', 'p5', '2019CSE001', '1001'),
(1778, '19CSE129', 'Present', '2020-11-24', 'p5', '2019CSE001', '1001'),
(1779, '19CSE130', 'Present', '2020-11-24', 'p5', '2019CSE001', '1001'),
(1780, '19CSE101', 'Absent', '2020-11-26', 'p5', '2019CSE001', '1001'),
(1781, '19CSE102', 'Absent', '2020-11-26', 'p5', '2019CSE001', '1001'),
(1782, '19CSE103', 'Absent', '2020-11-26', 'p5', '2019CSE001', '1001'),
(1783, '19CSE104', 'Absent', '2020-11-26', 'p5', '2019CSE001', '1001'),
(1784, '19CSE105', 'Absent', '2020-11-26', 'p5', '2019CSE001', '1001'),
(1785, '19CSE106', 'Absent', '2020-11-26', 'p5', '2019CSE001', '1001'),
(1786, '19CSE107', 'Absent', '2020-11-26', 'p5', '2019CSE001', '1001'),
(1787, '19CSE108', 'Absent', '2020-11-26', 'p5', '2019CSE001', '1001'),
(1788, '19CSE109', 'Absent', '2020-11-26', 'p5', '2019CSE001', '1001'),
(1789, '19CSE110', 'Absent', '2020-11-26', 'p5', '2019CSE001', '1001'),
(1790, '19CSE111', 'Absent', '2020-11-26', 'p5', '2019CSE001', '1001'),
(1791, '19CSE112', 'Absent', '2020-11-26', 'p5', '2019CSE001', '1001'),
(1792, '19CSE113', 'Absent', '2020-11-26', 'p5', '2019CSE001', '1001'),
(1793, '19CSE114', 'Absent', '2020-11-26', 'p5', '2019CSE001', '1001'),
(1794, '19CSE115', 'Absent', '2020-11-26', 'p5', '2019CSE001', '1001'),
(1795, '19CSE116', 'Absent', '2020-11-26', 'p5', '2019CSE001', '1001'),
(1796, '19CSE117', 'Absent', '2020-11-26', 'p5', '2019CSE001', '1001'),
(1797, '19CSE118', 'Absent', '2020-11-26', 'p5', '2019CSE001', '1001'),
(1798, '19CSE119', 'Absent', '2020-11-26', 'p5', '2019CSE001', '1001'),
(1799, '19CSE120', 'Absent', '2020-11-26', 'p5', '2019CSE001', '1001'),
(1800, '19CSE121', 'Absent', '2020-11-26', 'p5', '2019CSE001', '1001'),
(1801, '19CSE122', 'Absent', '2020-11-26', 'p5', '2019CSE001', '1001'),
(1802, '19CSE123', 'Absent', '2020-11-26', 'p5', '2019CSE001', '1001'),
(1803, '19CSE124', 'Absent', '2020-11-26', 'p5', '2019CSE001', '1001'),
(1804, '19CSE125', 'Absent', '2020-11-26', 'p5', '2019CSE001', '1001'),
(1805, '19CSE126', 'Absent', '2020-11-26', 'p5', '2019CSE001', '1001'),
(1806, '19CSE127', 'Absent', '2020-11-26', 'p5', '2019CSE001', '1001'),
(1807, '19CSE128', 'Absent', '2020-11-26', 'p5', '2019CSE001', '1001'),
(1808, '19CSE129', 'Absent', '2020-11-26', 'p5', '2019CSE001', '1001'),
(1809, '19CSE130', 'Absent', '2020-11-26', 'p5', '2019CSE001', '1001'),
(1810, '19CSE101', 'Present', '2020-11-26', 'l4', '2019CSE001', '1002'),
(1811, '19CSE102', 'Present', '2020-11-26', 'l4', '2019CSE001', '1002'),
(1812, '19CSE103', 'Present', '2020-11-26', 'l4', '2019CSE001', '1002'),
(1813, '19CSE104', 'Present', '2020-11-26', 'l4', '2019CSE001', '1002'),
(1814, '19CSE105', 'Present', '2020-11-26', 'l4', '2019CSE001', '1002'),
(1815, '19CSE106', 'Present', '2020-11-26', 'l4', '2019CSE001', '1002'),
(1816, '19CSE107', 'Present', '2020-11-26', 'l4', '2019CSE001', '1002'),
(1817, '19CSE108', 'Present', '2020-11-26', 'l4', '2019CSE001', '1002'),
(1818, '19CSE109', 'Present', '2020-11-26', 'l4', '2019CSE001', '1002'),
(1819, '19CSE110', 'Present', '2020-11-26', 'l4', '2019CSE001', '1002'),
(1820, '19CSE111', 'Present', '2020-11-26', 'l4', '2019CSE001', '1002'),
(1821, '19CSE112', 'Present', '2020-11-26', 'l4', '2019CSE001', '1002'),
(1822, '19CSE113', 'Present', '2020-11-26', 'l4', '2019CSE001', '1002'),
(1823, '19CSE114', 'Present', '2020-11-26', 'l4', '2019CSE001', '1002'),
(1824, '19CSE115', 'Present', '2020-11-26', 'l4', '2019CSE001', '1002'),
(1825, '19CSE116', 'Present', '2020-11-26', 'l4', '2019CSE001', '1002'),
(1826, '19CSE117', 'Present', '2020-11-26', 'l4', '2019CSE001', '1002'),
(1827, '19CSE118', 'Present', '2020-11-26', 'l4', '2019CSE001', '1002'),
(1828, '19CSE119', 'Present', '2020-11-26', 'l4', '2019CSE001', '1002'),
(1829, '19CSE120', 'Present', '2020-11-26', 'l4', '2019CSE001', '1002'),
(1830, '19CSE121', 'Present', '2020-11-26', 'l4', '2019CSE001', '1002'),
(1831, '19CSE122', 'Present', '2020-11-26', 'l4', '2019CSE001', '1002'),
(1832, '19CSE123', 'Present', '2020-11-26', 'l4', '2019CSE001', '1002'),
(1833, '19CSE124', 'Present', '2020-11-26', 'l4', '2019CSE001', '1002'),
(1834, '19CSE125', 'Present', '2020-11-26', 'l4', '2019CSE001', '1002'),
(1835, '19CSE126', 'Present', '2020-11-26', 'l4', '2019CSE001', '1002'),
(1836, '19CSE127', 'Present', '2020-11-26', 'l4', '2019CSE001', '1002'),
(1837, '19CSE128', 'Present', '2020-11-26', 'l4', '2019CSE001', '1002'),
(1838, '19CSE129', 'Present', '2020-11-26', 'l4', '2019CSE001', '1002'),
(1839, '19CSE130', 'Present', '2020-11-26', 'l4', '2019CSE001', '1002'),
(1840, '19CSE101', 'Present', '2020-11-06', 'l5', '2019CSE001', '1004'),
(1841, '19CSE102', 'Present', '2020-11-06', 'l5', '2019CSE001', '1004'),
(1842, '19CSE103', 'Present', '2020-11-06', 'l5', '2019CSE001', '1004'),
(1843, '19CSE104', 'Present', '2020-11-06', 'l5', '2019CSE001', '1004'),
(1844, '19CSE105', 'Present', '2020-11-06', 'l5', '2019CSE001', '1004'),
(1845, '19CSE106', 'Present', '2020-11-06', 'l5', '2019CSE001', '1004'),
(1846, '19CSE107', 'Present', '2020-11-06', 'l5', '2019CSE001', '1004'),
(1847, '19CSE108', 'Present', '2020-11-06', 'l5', '2019CSE001', '1004'),
(1848, '19CSE109', 'Present', '2020-11-06', 'l5', '2019CSE001', '1004'),
(1849, '19CSE110', 'Present', '2020-11-06', 'l5', '2019CSE001', '1004'),
(1850, '19CSE111', 'Present', '2020-11-06', 'l5', '2019CSE001', '1004'),
(1851, '19CSE112', 'Present', '2020-11-06', 'l5', '2019CSE001', '1004'),
(1852, '19CSE113', 'Present', '2020-11-06', 'l5', '2019CSE001', '1004'),
(1853, '19CSE114', 'Present', '2020-11-06', 'l5', '2019CSE001', '1004'),
(1854, '19CSE115', 'Present', '2020-11-06', 'l5', '2019CSE001', '1004'),
(1855, '19CSE116', 'Present', '2020-11-06', 'l5', '2019CSE001', '1004'),
(1856, '19CSE117', 'Present', '2020-11-06', 'l5', '2019CSE001', '1004'),
(1857, '19CSE118', 'Present', '2020-11-06', 'l5', '2019CSE001', '1004'),
(1858, '19CSE119', 'Present', '2020-11-06', 'l5', '2019CSE001', '1004'),
(1859, '19CSE120', 'Present', '2020-11-06', 'l5', '2019CSE001', '1004'),
(1860, '19CSE121', 'Present', '2020-11-06', 'l5', '2019CSE001', '1004'),
(1861, '19CSE122', 'Present', '2020-11-06', 'l5', '2019CSE001', '1004'),
(1862, '19CSE123', 'Present', '2020-11-06', 'l5', '2019CSE001', '1004'),
(1863, '19CSE124', 'Present', '2020-11-06', 'l5', '2019CSE001', '1004'),
(1864, '19CSE125', 'Present', '2020-11-06', 'l5', '2019CSE001', '1004'),
(1865, '19CSE126', 'Present', '2020-11-06', 'l5', '2019CSE001', '1004'),
(1866, '19CSE127', 'Present', '2020-11-06', 'l5', '2019CSE001', '1004'),
(1867, '19CSE128', 'Present', '2020-11-06', 'l5', '2019CSE001', '1004'),
(1868, '19CSE129', 'Present', '2020-11-06', 'l5', '2019CSE001', '1004'),
(1869, '19CSE130', 'Present', '2020-11-06', 'l5', '2019CSE001', '1004'),
(1870, '19CSE101', 'Absent', '2020-11-13', 'l5', '2019CSE001', '1004'),
(1871, '19CSE102', 'Absent', '2020-11-13', 'l5', '2019CSE001', '1004'),
(1872, '19CSE103', 'Absent', '2020-11-13', 'l5', '2019CSE001', '1004'),
(1873, '19CSE104', 'Absent', '2020-11-13', 'l5', '2019CSE001', '1004'),
(1874, '19CSE105', 'Absent', '2020-11-13', 'l5', '2019CSE001', '1004'),
(1875, '19CSE106', 'Absent', '2020-11-13', 'l5', '2019CSE001', '1004'),
(1876, '19CSE107', 'Absent', '2020-11-13', 'l5', '2019CSE001', '1004'),
(1877, '19CSE108', 'Absent', '2020-11-13', 'l5', '2019CSE001', '1004'),
(1878, '19CSE109', 'Absent', '2020-11-13', 'l5', '2019CSE001', '1004'),
(1879, '19CSE110', 'Absent', '2020-11-13', 'l5', '2019CSE001', '1004'),
(1880, '19CSE111', 'Absent', '2020-11-13', 'l5', '2019CSE001', '1004'),
(1881, '19CSE112', 'Absent', '2020-11-13', 'l5', '2019CSE001', '1004'),
(1882, '19CSE113', 'Absent', '2020-11-13', 'l5', '2019CSE001', '1004'),
(1883, '19CSE114', 'Absent', '2020-11-13', 'l5', '2019CSE001', '1004'),
(1884, '19CSE115', 'Absent', '2020-11-13', 'l5', '2019CSE001', '1004'),
(1885, '19CSE116', 'Absent', '2020-11-13', 'l5', '2019CSE001', '1004'),
(1886, '19CSE117', 'Absent', '2020-11-13', 'l5', '2019CSE001', '1004'),
(1887, '19CSE118', 'Absent', '2020-11-13', 'l5', '2019CSE001', '1004'),
(1888, '19CSE119', 'Absent', '2020-11-13', 'l5', '2019CSE001', '1004'),
(1889, '19CSE120', 'Absent', '2020-11-13', 'l5', '2019CSE001', '1004'),
(1890, '19CSE121', 'Absent', '2020-11-13', 'l5', '2019CSE001', '1004'),
(1891, '19CSE122', 'Absent', '2020-11-13', 'l5', '2019CSE001', '1004'),
(1892, '19CSE123', 'Absent', '2020-11-13', 'l5', '2019CSE001', '1004'),
(1893, '19CSE124', 'Absent', '2020-11-13', 'l5', '2019CSE001', '1004'),
(1894, '19CSE125', 'Absent', '2020-11-13', 'l5', '2019CSE001', '1004'),
(1895, '19CSE126', 'Absent', '2020-11-13', 'l5', '2019CSE001', '1004'),
(1896, '19CSE127', 'Absent', '2020-11-13', 'l5', '2019CSE001', '1004'),
(1897, '19CSE128', 'Absent', '2020-11-13', 'l5', '2019CSE001', '1004'),
(1898, '19CSE129', 'Absent', '2020-11-13', 'l5', '2019CSE001', '1004'),
(1899, '19CSE130', 'Absent', '2020-11-13', 'l5', '2019CSE001', '1004'),
(1900, '19CSE101', 'Present', '2020-11-20', 'l5', '2019CSE001', '1004'),
(1901, '19CSE102', 'Present', '2020-11-20', 'l5', '2019CSE001', '1004'),
(1902, '19CSE103', 'Present', '2020-11-20', 'l5', '2019CSE001', '1004'),
(1903, '19CSE104', 'Present', '2020-11-20', 'l5', '2019CSE001', '1004'),
(1904, '19CSE105', 'Present', '2020-11-20', 'l5', '2019CSE001', '1004'),
(1905, '19CSE106', 'Present', '2020-11-20', 'l5', '2019CSE001', '1004'),
(1906, '19CSE107', 'Present', '2020-11-20', 'l5', '2019CSE001', '1004'),
(1907, '19CSE108', 'Present', '2020-11-20', 'l5', '2019CSE001', '1004'),
(1908, '19CSE109', 'Present', '2020-11-20', 'l5', '2019CSE001', '1004'),
(1909, '19CSE110', 'Present', '2020-11-20', 'l5', '2019CSE001', '1004'),
(1910, '19CSE111', 'Present', '2020-11-20', 'l5', '2019CSE001', '1004'),
(1911, '19CSE112', 'Present', '2020-11-20', 'l5', '2019CSE001', '1004'),
(1912, '19CSE113', 'Present', '2020-11-20', 'l5', '2019CSE001', '1004'),
(1913, '19CSE114', 'Present', '2020-11-20', 'l5', '2019CSE001', '1004'),
(1914, '19CSE115', 'Present', '2020-11-20', 'l5', '2019CSE001', '1004'),
(1915, '19CSE116', 'Present', '2020-11-20', 'l5', '2019CSE001', '1004'),
(1916, '19CSE117', 'Present', '2020-11-20', 'l5', '2019CSE001', '1004'),
(1917, '19CSE118', 'Present', '2020-11-20', 'l5', '2019CSE001', '1004'),
(1918, '19CSE119', 'Present', '2020-11-20', 'l5', '2019CSE001', '1004'),
(1919, '19CSE120', 'Present', '2020-11-20', 'l5', '2019CSE001', '1004'),
(1920, '19CSE121', 'Present', '2020-11-20', 'l5', '2019CSE001', '1004'),
(1921, '19CSE122', 'Present', '2020-11-20', 'l5', '2019CSE001', '1004'),
(1922, '19CSE123', 'Present', '2020-11-20', 'l5', '2019CSE001', '1004'),
(1923, '19CSE124', 'Present', '2020-11-20', 'l5', '2019CSE001', '1004'),
(1924, '19CSE125', 'Present', '2020-11-20', 'l5', '2019CSE001', '1004'),
(1925, '19CSE126', 'Present', '2020-11-20', 'l5', '2019CSE001', '1004'),
(1926, '19CSE127', 'Present', '2020-11-20', 'l5', '2019CSE001', '1004'),
(1927, '19CSE128', 'Present', '2020-11-20', 'l5', '2019CSE001', '1004'),
(1928, '19CSE129', 'Present', '2020-11-20', 'l5', '2019CSE001', '1004'),
(1929, '19CSE130', 'Present', '2020-11-20', 'l5', '2019CSE001', '1004'),
(1930, '19CSE101', 'Absent', '2020-10-30', 'l5', '2019CSE001', '1004'),
(1931, '19CSE102', 'Absent', '2020-10-30', 'l5', '2019CSE001', '1004'),
(1932, '19CSE103', 'Absent', '2020-10-30', 'l5', '2019CSE001', '1004'),
(1933, '19CSE104', 'Absent', '2020-10-30', 'l5', '2019CSE001', '1004'),
(1934, '19CSE105', 'Absent', '2020-10-30', 'l5', '2019CSE001', '1004'),
(1935, '19CSE106', 'Absent', '2020-10-30', 'l5', '2019CSE001', '1004'),
(1936, '19CSE107', 'Absent', '2020-10-30', 'l5', '2019CSE001', '1004'),
(1937, '19CSE108', 'Absent', '2020-10-30', 'l5', '2019CSE001', '1004'),
(1938, '19CSE109', 'Absent', '2020-10-30', 'l5', '2019CSE001', '1004'),
(1939, '19CSE110', 'Absent', '2020-10-30', 'l5', '2019CSE001', '1004'),
(1940, '19CSE111', 'Absent', '2020-10-30', 'l5', '2019CSE001', '1004'),
(1941, '19CSE112', 'Absent', '2020-10-30', 'l5', '2019CSE001', '1004'),
(1942, '19CSE113', 'Absent', '2020-10-30', 'l5', '2019CSE001', '1004'),
(1943, '19CSE114', 'Absent', '2020-10-30', 'l5', '2019CSE001', '1004'),
(1944, '19CSE115', 'Absent', '2020-10-30', 'l5', '2019CSE001', '1004'),
(1945, '19CSE116', 'Absent', '2020-10-30', 'l5', '2019CSE001', '1004'),
(1946, '19CSE117', 'Absent', '2020-10-30', 'l5', '2019CSE001', '1004'),
(1947, '19CSE118', 'Absent', '2020-10-30', 'l5', '2019CSE001', '1004'),
(1948, '19CSE119', 'Absent', '2020-10-30', 'l5', '2019CSE001', '1004'),
(1949, '19CSE120', 'Absent', '2020-10-30', 'l5', '2019CSE001', '1004'),
(1950, '19CSE121', 'Absent', '2020-10-30', 'l5', '2019CSE001', '1004'),
(1951, '19CSE122', 'Absent', '2020-10-30', 'l5', '2019CSE001', '1004'),
(1952, '19CSE123', 'Absent', '2020-10-30', 'l5', '2019CSE001', '1004'),
(1953, '19CSE124', 'Absent', '2020-10-30', 'l5', '2019CSE001', '1004'),
(1954, '19CSE125', 'Absent', '2020-10-30', 'l5', '2019CSE001', '1004'),
(1955, '19CSE126', 'Absent', '2020-10-30', 'l5', '2019CSE001', '1004'),
(1956, '19CSE127', 'Absent', '2020-10-30', 'l5', '2019CSE001', '1004'),
(1957, '19CSE128', 'Absent', '2020-10-30', 'l5', '2019CSE001', '1004'),
(1958, '19CSE129', 'Absent', '2020-10-30', 'l5', '2019CSE001', '1004'),
(1959, '19CSE130', 'Absent', '2020-10-30', 'l5', '2019CSE001', '1004'),
(1960, '19CSE101', 'Present', '2020-10-23', 'l5', '2019CSE001', '1004'),
(1961, '19CSE102', 'Present', '2020-10-23', 'l5', '2019CSE001', '1004'),
(1962, '19CSE103', 'Present', '2020-10-23', 'l5', '2019CSE001', '1004'),
(1963, '19CSE104', 'Present', '2020-10-23', 'l5', '2019CSE001', '1004'),
(1964, '19CSE105', 'Present', '2020-10-23', 'l5', '2019CSE001', '1004'),
(1965, '19CSE106', 'Present', '2020-10-23', 'l5', '2019CSE001', '1004'),
(1966, '19CSE107', 'Present', '2020-10-23', 'l5', '2019CSE001', '1004'),
(1967, '19CSE108', 'Present', '2020-10-23', 'l5', '2019CSE001', '1004'),
(1968, '19CSE109', 'Present', '2020-10-23', 'l5', '2019CSE001', '1004'),
(1969, '19CSE110', 'Present', '2020-10-23', 'l5', '2019CSE001', '1004'),
(1970, '19CSE111', 'Present', '2020-10-23', 'l5', '2019CSE001', '1004'),
(1971, '19CSE112', 'Present', '2020-10-23', 'l5', '2019CSE001', '1004'),
(1972, '19CSE113', 'Present', '2020-10-23', 'l5', '2019CSE001', '1004'),
(1973, '19CSE114', 'Present', '2020-10-23', 'l5', '2019CSE001', '1004'),
(1974, '19CSE115', 'Present', '2020-10-23', 'l5', '2019CSE001', '1004'),
(1975, '19CSE116', 'Present', '2020-10-23', 'l5', '2019CSE001', '1004'),
(1976, '19CSE117', 'Present', '2020-10-23', 'l5', '2019CSE001', '1004'),
(1977, '19CSE118', 'Present', '2020-10-23', 'l5', '2019CSE001', '1004'),
(1978, '19CSE119', 'Present', '2020-10-23', 'l5', '2019CSE001', '1004'),
(1979, '19CSE120', 'Present', '2020-10-23', 'l5', '2019CSE001', '1004'),
(1980, '19CSE121', 'Present', '2020-10-23', 'l5', '2019CSE001', '1004'),
(1981, '19CSE122', 'Present', '2020-10-23', 'l5', '2019CSE001', '1004'),
(1982, '19CSE123', 'Present', '2020-10-23', 'l5', '2019CSE001', '1004'),
(1983, '19CSE124', 'Present', '2020-10-23', 'l5', '2019CSE001', '1004'),
(1984, '19CSE125', 'Present', '2020-10-23', 'l5', '2019CSE001', '1004'),
(1985, '19CSE126', 'Present', '2020-10-23', 'l5', '2019CSE001', '1004'),
(1986, '19CSE127', 'Present', '2020-10-23', 'l5', '2019CSE001', '1004'),
(1987, '19CSE128', 'Present', '2020-10-23', 'l5', '2019CSE001', '1004'),
(1988, '19CSE129', 'Present', '2020-10-23', 'l5', '2019CSE001', '1004'),
(1989, '19CSE130', 'Present', '2020-10-23', 'l5', '2019CSE001', '1004'),
(1990, '19CSE101', 'Present', '2020-10-16', 'l5', '2019CSE001', '1004'),
(1991, '19CSE102', 'Present', '2020-10-16', 'l5', '2019CSE001', '1004'),
(1992, '19CSE103', 'Present', '2020-10-16', 'l5', '2019CSE001', '1004'),
(1993, '19CSE104', 'Present', '2020-10-16', 'l5', '2019CSE001', '1004'),
(1994, '19CSE105', 'Present', '2020-10-16', 'l5', '2019CSE001', '1004'),
(1995, '19CSE106', 'Present', '2020-10-16', 'l5', '2019CSE001', '1004'),
(1996, '19CSE107', 'Present', '2020-10-16', 'l5', '2019CSE001', '1004'),
(1997, '19CSE108', 'Present', '2020-10-16', 'l5', '2019CSE001', '1004'),
(1998, '19CSE109', 'Present', '2020-10-16', 'l5', '2019CSE001', '1004'),
(1999, '19CSE110', 'Present', '2020-10-16', 'l5', '2019CSE001', '1004'),
(2000, '19CSE111', 'Present', '2020-10-16', 'l5', '2019CSE001', '1004'),
(2001, '19CSE112', 'Present', '2020-10-16', 'l5', '2019CSE001', '1004'),
(2002, '19CSE113', 'Present', '2020-10-16', 'l5', '2019CSE001', '1004'),
(2003, '19CSE114', 'Present', '2020-10-16', 'l5', '2019CSE001', '1004'),
(2004, '19CSE115', 'Present', '2020-10-16', 'l5', '2019CSE001', '1004'),
(2005, '19CSE116', 'Present', '2020-10-16', 'l5', '2019CSE001', '1004'),
(2006, '19CSE117', 'Present', '2020-10-16', 'l5', '2019CSE001', '1004'),
(2007, '19CSE118', 'Present', '2020-10-16', 'l5', '2019CSE001', '1004'),
(2008, '19CSE119', 'Present', '2020-10-16', 'l5', '2019CSE001', '1004'),
(2009, '19CSE120', 'Present', '2020-10-16', 'l5', '2019CSE001', '1004'),
(2010, '19CSE121', 'Present', '2020-10-16', 'l5', '2019CSE001', '1004'),
(2011, '19CSE122', 'Present', '2020-10-16', 'l5', '2019CSE001', '1004'),
(2012, '19CSE123', 'Present', '2020-10-16', 'l5', '2019CSE001', '1004'),
(2013, '19CSE124', 'Present', '2020-10-16', 'l5', '2019CSE001', '1004'),
(2014, '19CSE125', 'Present', '2020-10-16', 'l5', '2019CSE001', '1004'),
(2015, '19CSE126', 'Present', '2020-10-16', 'l5', '2019CSE001', '1004'),
(2016, '19CSE127', 'Present', '2020-10-16', 'l5', '2019CSE001', '1004'),
(2017, '19CSE128', 'Present', '2020-10-16', 'l5', '2019CSE001', '1004'),
(2018, '19CSE129', 'Present', '2020-10-16', 'l5', '2019CSE001', '1004'),
(2019, '19CSE130', 'Present', '2020-10-16', 'l5', '2019CSE001', '1004'),
(2020, '19CSE101', 'Present', '2020-10-09', 'l5', '2019CSE001', '1004'),
(2021, '19CSE102', 'Present', '2020-10-09', 'l5', '2019CSE001', '1004'),
(2022, '19CSE103', 'Present', '2020-10-09', 'l5', '2019CSE001', '1004'),
(2023, '19CSE104', 'Present', '2020-10-09', 'l5', '2019CSE001', '1004'),
(2024, '19CSE105', 'Present', '2020-10-09', 'l5', '2019CSE001', '1004'),
(2025, '19CSE106', 'Present', '2020-10-09', 'l5', '2019CSE001', '1004'),
(2026, '19CSE107', 'Present', '2020-10-09', 'l5', '2019CSE001', '1004'),
(2027, '19CSE108', 'Present', '2020-10-09', 'l5', '2019CSE001', '1004'),
(2028, '19CSE109', 'Present', '2020-10-09', 'l5', '2019CSE001', '1004'),
(2029, '19CSE110', 'Present', '2020-10-09', 'l5', '2019CSE001', '1004'),
(2030, '19CSE111', 'Present', '2020-10-09', 'l5', '2019CSE001', '1004'),
(2031, '19CSE112', 'Present', '2020-10-09', 'l5', '2019CSE001', '1004'),
(2032, '19CSE113', 'Present', '2020-10-09', 'l5', '2019CSE001', '1004'),
(2033, '19CSE114', 'Present', '2020-10-09', 'l5', '2019CSE001', '1004'),
(2034, '19CSE115', 'Present', '2020-10-09', 'l5', '2019CSE001', '1004'),
(2035, '19CSE116', 'Present', '2020-10-09', 'l5', '2019CSE001', '1004'),
(2036, '19CSE117', 'Present', '2020-10-09', 'l5', '2019CSE001', '1004'),
(2037, '19CSE118', 'Present', '2020-10-09', 'l5', '2019CSE001', '1004'),
(2038, '19CSE119', 'Present', '2020-10-09', 'l5', '2019CSE001', '1004'),
(2039, '19CSE120', 'Present', '2020-10-09', 'l5', '2019CSE001', '1004'),
(2040, '19CSE121', 'Present', '2020-10-09', 'l5', '2019CSE001', '1004'),
(2041, '19CSE122', 'Present', '2020-10-09', 'l5', '2019CSE001', '1004'),
(2042, '19CSE123', 'Present', '2020-10-09', 'l5', '2019CSE001', '1004'),
(2043, '19CSE124', 'Present', '2020-10-09', 'l5', '2019CSE001', '1004'),
(2044, '19CSE125', 'Present', '2020-10-09', 'l5', '2019CSE001', '1004'),
(2045, '19CSE126', 'Present', '2020-10-09', 'l5', '2019CSE001', '1004'),
(2046, '19CSE127', 'Present', '2020-10-09', 'l5', '2019CSE001', '1004'),
(2047, '19CSE128', 'Present', '2020-10-09', 'l5', '2019CSE001', '1004'),
(2048, '19CSE129', 'Present', '2020-10-09', 'l5', '2019CSE001', '1004'),
(2049, '19CSE130', 'Present', '2020-10-09', 'l5', '2019CSE001', '1004'),
(2050, '19CSE101', 'Absent', '2020-11-04', 'p4', '2019CSE001', '1006'),
(2051, '19CSE102', 'Absent', '2020-11-04', 'p4', '2019CSE001', '1006'),
(2052, '19CSE103', 'Absent', '2020-11-04', 'p4', '2019CSE001', '1006'),
(2053, '19CSE104', 'Absent', '2020-11-04', 'p4', '2019CSE001', '1006'),
(2054, '19CSE105', 'Absent', '2020-11-04', 'p4', '2019CSE001', '1006'),
(2055, '19CSE106', 'Absent', '2020-11-04', 'p4', '2019CSE001', '1006'),
(2056, '19CSE107', 'Absent', '2020-11-04', 'p4', '2019CSE001', '1006'),
(2057, '19CSE108', 'Absent', '2020-11-04', 'p4', '2019CSE001', '1006'),
(2058, '19CSE109', 'Absent', '2020-11-04', 'p4', '2019CSE001', '1006'),
(2059, '19CSE110', 'Absent', '2020-11-04', 'p4', '2019CSE001', '1006'),
(2060, '19CSE111', 'Absent', '2020-11-04', 'p4', '2019CSE001', '1006'),
(2061, '19CSE112', 'Absent', '2020-11-04', 'p4', '2019CSE001', '1006'),
(2062, '19CSE113', 'Absent', '2020-11-04', 'p4', '2019CSE001', '1006'),
(2063, '19CSE114', 'Absent', '2020-11-04', 'p4', '2019CSE001', '1006'),
(2064, '19CSE115', 'Absent', '2020-11-04', 'p4', '2019CSE001', '1006'),
(2065, '19CSE116', 'Absent', '2020-11-04', 'p4', '2019CSE001', '1006'),
(2066, '19CSE117', 'Absent', '2020-11-04', 'p4', '2019CSE001', '1006'),
(2067, '19CSE118', 'Absent', '2020-11-04', 'p4', '2019CSE001', '1006'),
(2068, '19CSE119', 'Absent', '2020-11-04', 'p4', '2019CSE001', '1006'),
(2069, '19CSE120', 'Absent', '2020-11-04', 'p4', '2019CSE001', '1006'),
(2070, '19CSE121', 'Absent', '2020-11-04', 'p4', '2019CSE001', '1006'),
(2071, '19CSE122', 'Absent', '2020-11-04', 'p4', '2019CSE001', '1006'),
(2072, '19CSE123', 'Absent', '2020-11-04', 'p4', '2019CSE001', '1006'),
(2073, '19CSE124', 'Absent', '2020-11-04', 'p4', '2019CSE001', '1006'),
(2074, '19CSE125', 'Absent', '2020-11-04', 'p4', '2019CSE001', '1006'),
(2075, '19CSE126', 'Absent', '2020-11-04', 'p4', '2019CSE001', '1006'),
(2076, '19CSE127', 'Absent', '2020-11-04', 'p4', '2019CSE001', '1006'),
(2077, '19CSE128', 'Absent', '2020-11-04', 'p4', '2019CSE001', '1006'),
(2078, '19CSE129', 'Absent', '2020-11-04', 'p4', '2019CSE001', '1006'),
(2079, '19CSE130', 'Absent', '2020-11-04', 'p4', '2019CSE001', '1006'),
(2080, '19CSE101', 'Absent', '2020-11-02', 'l1', '2019CSE001', '1002'),
(2081, '19CSE102', 'Absent', '2020-11-02', 'l1', '2019CSE001', '1002'),
(2082, '19CSE103', 'Absent', '2020-11-02', 'l1', '2019CSE001', '1002'),
(2083, '19CSE104', 'Absent', '2020-11-02', 'l1', '2019CSE001', '1002'),
(2084, '19CSE105', 'Absent', '2020-11-02', 'l1', '2019CSE001', '1002'),
(2085, '19CSE106', 'Absent', '2020-11-02', 'l1', '2019CSE001', '1002'),
(2086, '19CSE107', 'Absent', '2020-11-02', 'l1', '2019CSE001', '1002'),
(2087, '19CSE108', 'Absent', '2020-11-02', 'l1', '2019CSE001', '1002'),
(2088, '19CSE109', 'Absent', '2020-11-02', 'l1', '2019CSE001', '1002'),
(2089, '19CSE110', 'Absent', '2020-11-02', 'l1', '2019CSE001', '1002'),
(2090, '19CSE111', 'Absent', '2020-11-02', 'l1', '2019CSE001', '1002'),
(2091, '19CSE112', 'Absent', '2020-11-02', 'l1', '2019CSE001', '1002'),
(2092, '19CSE113', 'Absent', '2020-11-02', 'l1', '2019CSE001', '1002'),
(2093, '19CSE114', 'Absent', '2020-11-02', 'l1', '2019CSE001', '1002'),
(2094, '19CSE115', 'Absent', '2020-11-02', 'l1', '2019CSE001', '1002'),
(2095, '19CSE116', 'Absent', '2020-11-02', 'l1', '2019CSE001', '1002'),
(2096, '19CSE117', 'Absent', '2020-11-02', 'l1', '2019CSE001', '1002'),
(2097, '19CSE118', 'Absent', '2020-11-02', 'l1', '2019CSE001', '1002'),
(2098, '19CSE119', 'Absent', '2020-11-02', 'l1', '2019CSE001', '1002'),
(2099, '19CSE120', 'Absent', '2020-11-02', 'l1', '2019CSE001', '1002'),
(2100, '19CSE121', 'Absent', '2020-11-02', 'l1', '2019CSE001', '1002'),
(2101, '19CSE122', 'Absent', '2020-11-02', 'l1', '2019CSE001', '1002'),
(2102, '19CSE123', 'Absent', '2020-11-02', 'l1', '2019CSE001', '1002'),
(2103, '19CSE124', 'Absent', '2020-11-02', 'l1', '2019CSE001', '1002'),
(2104, '19CSE125', 'Absent', '2020-11-02', 'l1', '2019CSE001', '1002'),
(2105, '19CSE126', 'Absent', '2020-11-02', 'l1', '2019CSE001', '1002'),
(2106, '19CSE127', 'Absent', '2020-11-02', 'l1', '2019CSE001', '1002'),
(2107, '19CSE128', 'Absent', '2020-11-02', 'l1', '2019CSE001', '1002'),
(2108, '19CSE129', 'Absent', '2020-11-02', 'l1', '2019CSE001', '1002'),
(2109, '19CSE130', 'Absent', '2020-11-02', 'l1', '2019CSE001', '1002'),
(2110, '19CSE101', 'Present', '2020-11-05', 'l1', '2019CSE001', '1002'),
(2111, '19CSE102', 'Present', '2020-11-05', 'l1', '2019CSE001', '1002'),
(2112, '19CSE103', 'Present', '2020-11-05', 'l1', '2019CSE001', '1002'),
(2113, '19CSE104', 'Present', '2020-11-05', 'l1', '2019CSE001', '1002'),
(2114, '19CSE105', 'Present', '2020-11-05', 'l1', '2019CSE001', '1002'),
(2115, '19CSE106', 'Present', '2020-11-05', 'l1', '2019CSE001', '1002'),
(2116, '19CSE107', 'Present', '2020-11-05', 'l1', '2019CSE001', '1002'),
(2117, '19CSE108', 'Present', '2020-11-05', 'l1', '2019CSE001', '1002'),
(2118, '19CSE109', 'Present', '2020-11-05', 'l1', '2019CSE001', '1002'),
(2119, '19CSE110', 'Present', '2020-11-05', 'l1', '2019CSE001', '1002'),
(2120, '19CSE111', 'Present', '2020-11-05', 'l1', '2019CSE001', '1002'),
(2121, '19CSE112', 'Present', '2020-11-05', 'l1', '2019CSE001', '1002'),
(2122, '19CSE113', 'Present', '2020-11-05', 'l1', '2019CSE001', '1002'),
(2123, '19CSE114', 'Present', '2020-11-05', 'l1', '2019CSE001', '1002'),
(2124, '19CSE115', 'Present', '2020-11-05', 'l1', '2019CSE001', '1002'),
(2125, '19CSE116', 'Present', '2020-11-05', 'l1', '2019CSE001', '1002'),
(2126, '19CSE117', 'Present', '2020-11-05', 'l1', '2019CSE001', '1002'),
(2127, '19CSE118', 'Present', '2020-11-05', 'l1', '2019CSE001', '1002'),
(2128, '19CSE119', 'Present', '2020-11-05', 'l1', '2019CSE001', '1002'),
(2129, '19CSE120', 'Present', '2020-11-05', 'l1', '2019CSE001', '1002'),
(2130, '19CSE121', 'Present', '2020-11-05', 'l1', '2019CSE001', '1002'),
(2131, '19CSE122', 'Present', '2020-11-05', 'l1', '2019CSE001', '1002'),
(2132, '19CSE123', 'Present', '2020-11-05', 'l1', '2019CSE001', '1002'),
(2133, '19CSE124', 'Present', '2020-11-05', 'l1', '2019CSE001', '1002'),
(2134, '19CSE125', 'Present', '2020-11-05', 'l1', '2019CSE001', '1002'),
(2135, '19CSE126', 'Absent', '2020-11-05', 'l1', '2019CSE001', '1002'),
(2136, '19CSE127', 'Absent', '2020-11-05', 'l1', '2019CSE001', '1002'),
(2137, '19CSE128', 'Absent', '2020-11-05', 'l1', '2019CSE001', '1002'),
(2138, '19CSE129', 'Absent', '2020-11-05', 'l1', '2019CSE001', '1002'),
(2139, '19CSE130', 'Absent', '2020-11-05', 'l1', '2019CSE001', '1002');

-- --------------------------------------------------------

--
-- Table structure for table `courses`
--

CREATE TABLE `courses` (
  `coursecode` text NOT NULL,
  `name` longtext NOT NULL,
  `type` varchar(100) NOT NULL,
  `credits` int(11) NOT NULL
) ENGINE=InnoDB DEFAULT CHARSET=utf8mb4;

--
-- Dumping data for table `courses`
--

INSERT INTO `courses` (`coursecode`, `name`, `type`, `credits`) VALUES
('ADVTRN', 'ADVANCED TRAINING FOR INTERVIEWS', 'T', 2),
('CSE101', 'INTRODUCTION TO COMPUTER SCIENCE AND ENGINEERING', 'T', 3),
('CSE102', 'INTRODUCTION TO PROGRAMMING CONCEPTS', 'T', 3),
('CSE102L', 'INTRODUCTION TO PROGRAMMING CONCEPTS LAB', 'L', 1),
('CSE103', 'OBJECT ORIENTED PROGRAMMING', 'T', 3),
('CSE103L', 'OBJECT ORIENTED PROGRAMMING LAB', 'L', 1),
('CSE104', 'DIGITAL CIRCUITS', 'T', 2),
('CSE104L', 'DIGITAL CIRCUITS LAB', 'L', 1),
('CSE104P', 'DIGITAL CIRCUITS PROJECT', 'P', 1),
('CSE200', 'THEORY OF COMPUTATION', 'T', 4),
('CSE201', 'OPERATING SYSTEMS', 'T', 3),
('CSE201L', 'OPERATING SYSTEMS LAB', 'L', 1),
('CSE202', 'COMPUTER ARCHITECTURE', 'T', 2),
('CSE202P', 'COMPUTER ARCHITECTURE PROJECT', 'P', 1),
('CSE203', 'SOFTWARE ENGINEERING', 'T', 1),
('CSE203L', 'SOFTWARE ENGINEERING LAB', 'L', 2),
('CSE203P', 'SOFTWARE ENGINEERING PROJECT', 'P', 1),
('EE2000', 'ELECTRICAL MACHINES', 'T', 2),
('EE2000L', 'ELECTRICAL MACHINES LABORATORY', 'L', 2),
('ETHICS', 'PROFESSIONAL ETHICS FOR ENGINEERS', 'T', 4),
('MAT100', 'MATHEMATICS FOR ENGINEERS 1', 'T', 3),
('MAT100L', 'MATHEMATICS FOR ENGINEERS 1 LAB', 'L', 1),
('MAT200', 'MATHEMATICS FOR ENGINEERS 2', 'T', 4),
('MAT300', 'MATHEMATICS FOR ENGINEERS 3', 'T', 3),
('MAT300L', 'MATHEMATICS FOR ENGINEERS 3 LAB', 'L', 1),
('MAT400', 'MATHEMATICS FOR ENGINEERS 4', 'T', 2),
('MAT400L', 'MATHEMATICS FOR ENGINEERS 4 LAB', 'L', 1),
('PHY100', 'PHYSICS FOR ENGINEERS', 'T', 3),
('PHY100L', 'PHYSICS FOR ENGINEERS LAB', 'L', 1),
('ROB100', 'INTRODUCTION TO ROBOTICS FOR ENGINEERS', 'T', 3),
('ROB100P', 'INTRODUCTION TO ROBOTICS FOR ENGINEERS PROJECT', 'P', 1),
('SYS250L', 'SYSTEMS ENGINEERING LAB', 'L', 3),
('TRAIN1', 'TRAINING FOR INTERVIEWS 1', 'T', 0),
('TRAIN2', 'TRAINING FOR INTERVIEWS 2', 'T', 0);

-- --------------------------------------------------------

--
-- Table structure for table `examination`
--

CREATE TABLE `examination` (
  `id` int(11) NOT NULL,
  `teacherid` varchar(100) NOT NULL,
  `testid` varchar(250) NOT NULL,
  `testname` varchar(500) NOT NULL,
  `startdate` date NOT NULL,
  `starttime` time NOT NULL,
  `enddate` date NOT NULL,
  `endtime` time NOT NULL,
  `qpaper` varchar(500) NOT NULL,
  `classgroup` varchar(50) NOT NULL
) ENGINE=InnoDB DEFAULT CHARSET=utf8mb4;

--
-- Dumping data for table `examination`
--

INSERT INTO `examination` (`id`, `teacherid`, `testid`, `testname`, `startdate`, `starttime`, `enddate`, `endtime`, `qpaper`, `classgroup`) VALUES
(1, '1003', 'test', 'test', '0000-00-00', '00:00:00', '2020-12-08', '20:05:31', '', '2019CSE001'),
(2, '1003', 'CSE101_SAMPLE1', 'SAMPLE TEST', '2020-12-08', '06:30:00', '2020-12-08', '23:50:00', '../examinationfiles/CSE101_SAMPLE1/QPaper.pdf', '2019CSE001');

-- --------------------------------------------------------

--
-- Table structure for table `examstudent`
--

CREATE TABLE `examstudent` (
  `id` int(11) NOT NULL,
  `testid` varchar(100) NOT NULL,
  `username` varchar(100) NOT NULL,
  `file` varchar(500) NOT NULL
) ENGINE=InnoDB DEFAULT CHARSET=utf8mb4;

--
-- Dumping data for table `examstudent`
--

INSERT INTO `examstudent` (`id`, `testid`, `username`, `file`) VALUES
(8, 'CSE101_SAMPLE1', '19CSE101', '../examinationfiles/CSE101_SAMPLE1/19CSE101.pdf'),
(9, 'CSE101_SAMPLE1', '19CSE102', '../examinationfiles/CSE101_SAMPLE1/19CSE102.pdf'),
(10, 'CSE101_SAMPLE1', '19CSE103', '../examinationfiles/CSE101_SAMPLE1/19CSE103.pdf'),
(11, 'CSE101_SAMPLE1', '19CSE105', '../examinationfiles/CSE101_SAMPLE1/19CSE105.pdf'),
(12, 'CSE101_SAMPLE1', '19CSE107', '../examinationfiles/CSE101_SAMPLE1/19CSE107.pdf'),
(13, 'CSE101_SAMPLE1', '19CSE108', '../examinationfiles/CSE101_SAMPLE1/19CSE108.pdf'),
(14, 'CSE101_SAMPLE1', '19CSE109', '../examinationfiles/CSE101_SAMPLE1/19CSE109.pdf'),
(15, 'CSE101_SAMPLE1', '19CSE111', '../examinationfiles/CSE101_SAMPLE1/19CSE111.pdf'),
(16, 'CSE101_SAMPLE1', '19CSE112', '../examinationfiles/CSE101_SAMPLE1/19CSE112.pdf'),
(17, 'CSE101_SAMPLE1', '19CSE120', '../examinationfiles/CSE101_SAMPLE1/19CSE120.pdf'),
(18, 'CSE101_SAMPLE1', '19CSE123', '../examinationfiles/CSE101_SAMPLE1/19CSE123.pdf'),
(19, 'CSE101_SAMPLE1', '19CSE125', '../examinationfiles/CSE101_SAMPLE1/19CSE125.pdf'),
(20, 'CSE101_SAMPLE1', '19CSE129', '../examinationfiles/CSE101_SAMPLE1/19CSE129.pdf'),
(21, 'CSE101_SAMPLE1', '19CSE130', '../examinationfiles/CSE101_SAMPLE1/19CSE130.pdf');

-- --------------------------------------------------------

--
-- Table structure for table `faculty`
--

CREATE TABLE `faculty` (
  `id` int(11) NOT NULL,
  `firstname` longtext NOT NULL,
  `lastname` longtext NOT NULL,
  `username` longtext NOT NULL,
  `dept` longtext NOT NULL,
  `designation` longtext NOT NULL,
  `email` longtext NOT NULL,
  `phone` longtext NOT NULL
) ENGINE=InnoDB DEFAULT CHARSET=utf8mb4;

--
-- Dumping data for table `faculty`
--

INSERT INTO `faculty` (`id`, `firstname`, `lastname`, `username`, `dept`, `designation`, `email`, `phone`) VALUES
(7, 'ARVIND', 'BOOMINATHAN', '1002', 'COMPUTER SCIENCE AND ENGINEERING', 'PROFESSOR ', 'arvind.boominathan@ezcollege.edu.in', '1234567890'),
(8, 'DHRUV', 'KRISHNA', '1005', 'COMPUTER SCIENCE AND ENGINEERING', 'ASSISSTANT PROFESSOR JUNIOR', 'dhruv@ezcollege.edu.in', '1234567890'),
(9, 'ARJUN', 'AARAV', '1006', 'MATHEMATICS', 'ASSISSTANT PROFESSOR SENIOR', 'arjun.aarav@ezcollege.edu.in', '1234567890'),
(10, 'VIVIAN', 'RUDRA', '1001', 'SCIENCE - PHYSICS ', 'ASSOCIATE PROFESSOR', 'vivan.rudra@ezcollege.edu.in', '1234567890'),
(11, 'RAJKUMAR', 'SHARMA', '1003', 'MATHEMATICS', 'asst prof', 'rksharma@ezcollege.edu.in', '1234567890'),
(12, 'RAVICHANDRAN', 'M G', '1004', 'phy - science', 'asst prof(sr)', 'mgravichandran@ezcollege.edu.in', '1234567890');

-- --------------------------------------------------------

--
-- Table structure for table `fac_timetable`
--

CREATE TABLE `fac_timetable` (
  `username` longtext NOT NULL,
  `groupname` longtext NOT NULL,
  `p1` longtext NOT NULL,
  `p2` longtext NOT NULL,
  `p3` longtext NOT NULL,
  `p4` longtext NOT NULL,
  `p5` longtext NOT NULL,
  `l1` longtext NOT NULL,
  `l2` longtext NOT NULL,
  `l3` longtext NOT NULL,
  `l4` longtext NOT NULL,
  `l5` longtext NOT NULL
) ENGINE=InnoDB DEFAULT CHARSET=utf8mb4;

--
-- Dumping data for table `fac_timetable`
--

INSERT INTO `fac_timetable` (`username`, `groupname`, `p1`, `p2`, `p3`, `p4`, `p5`, `l1`, `l2`, `l3`, `l4`, `l5`) VALUES
('1001', '2019CSE001', '', '', '', '', 'PHY100 - PHYSICS FOR ENGINEERS', '', '', '', '', ''),
('1001', '2019CSE002', '', '', '', '', '', '', '', '', 'PHY100L - PHYSICS FOR ENGINEERS LAB', ''),
('1002', '2019CSE001', '', 'CSE102 - INTRODUCTION TO PROGRAMMING CONCEPTS', '', '', '', 'CSE102L - INTRODUCTION TO PROGRAMMING CONCEPTS LAB', '', '', 'CSE102L - INTRODUCTION TO PROGRAMMING CONCEPTS LAB', ''),
('1002', '2019CSE002', 'CSE102 - INTRODUCTION TO PROGRAMMING CONCEPTS', '', '', '', '', '', 'CSE102L - INTRODUCTION TO PROGRAMMING CONCEPTS LAB', 'CSE102L - INTRODUCTION TO PROGRAMMING CONCEPTS LAB', '', ''),
('1003', '2019CSE001', '', '', '', '', '', '', 'MAT100L - MATHEMATICS FOR ENGINEERS 1 LAB', '', '', ''),
('1003', '2019CSE002', '', '', '', '', 'MAT100 - MATHEMATICS FOR ENGINEERS 1', '', '', '', '', ''),
('1004', '2019CSE001', '', '', '', '', '', '', '', '', '', 'PHY100L - PHYSICS FOR ENGINEERS LAB'),
('1004', '2019CSE002', '', '', '', 'PHY100 - PHYSICS FOR ENGINEERS', '', '', '', '', '', ''),
('1005', '2019CSE001', 'CSE101 - INTRODUCTION TO COMPUTER SCIENCE AND ENGINEERING', '', '', '', '', '', '', '', '', ''),
('1005', '2019CSE002', '', '', 'CSE101 - INTRODUCTION TO COMPUTER SCIENCE AND ENGINEERING', '', '', '', '', '', '', ''),
('1006', '2019CSE001', '', '', '', 'MAT100 - MATHEMATICS FOR ENGINEERS 1', '', '', '', '', '', ''),
('1006', '2019CSE002', '', '', '', '', '', 'MAT100L - MATHEMATICS FOR ENGINEERS 1 LAB', '', '', '', '');

-- --------------------------------------------------------

--
-- Table structure for table `fileupload`
--

CREATE TABLE `fileupload` (
  `id` int(11) NOT NULL,
  `filename` varchar(200) NOT NULL,
  `description` varchar(500) NOT NULL,
  `type` varchar(200) NOT NULL,
  `path` varchar(500) NOT NULL,
  `visibility` varchar(50) NOT NULL,
  `owner` varchar(200) NOT NULL
) ENGINE=InnoDB DEFAULT CHARSET=utf8mb4;

--
-- Dumping data for table `fileupload`
--

INSERT INTO `fileupload` (`id`, `filename`, `description`, `type`, `path`, `visibility`, `owner`) VALUES
(7, '19BCE1221_CSE3002_LABFAT.pdf', 'Sample template for Lab submissions, kindly follow the same for all submissions', 'application/pdf', '../eduportalfiles/19BCE1221_CSE3002_LABFAT.pdf', 'all', '1002'),
(8, 'Internet and Web Programming SYLLABUS.pdf', 'Dear Students, PFA the syllabus for our subject. This is the way the course is structured...', 'application/pdf', '../eduportalfiles/Internet and Web Programming SYLLABUS.pdf', '2019CSE001', '1002'),
(9, 'DIGITAL ASSIGNMENT - 1_19BCE1221_CSE3002.pdf', 'Dear Students, this is the format for the submission of Assignment 1. Kindly follow the same, questions are attached, submit by 10/11/20 end of day. ', 'application/pdf', '../eduportalfiles/DIGITAL ASSIGNMENT - 1_19BCE1221_CSE3002.pdf', '2019CSE001', '1002'),
(10, 'Reasoning Ability - all 10 sessions (1).pptx', 'This is the problem sheet for Assignment 1.. due on 13/11/20 11:00PM', 'application/vnd.openxmlformats-officedocument.presentationml.presentation', '../eduportalfiles/Reasoning Ability - all 10 sessions (1).pptx', '2019CSE001', '1006'),
(11, 'DIGITAL ASSIGNMENT - 1_19BCE1221_CSE3002.pdf', 'Sample assignment template', 'application/pdf', '../eduportalfiles/DIGITAL ASSIGNMENT - 1_19BCE1221_CSE3002.pdf', '2019CSE001', '1003');

-- --------------------------------------------------------

--
-- Table structure for table `groups`
--

CREATE TABLE `groups` (
  `groupname` longtext NOT NULL,
  `id` longtext NOT NULL
) ENGINE=InnoDB DEFAULT CHARSET=utf8mb4;

--
-- Dumping data for table `groups`
--

INSERT INTO `groups` (`groupname`, `id`) VALUES
('2019CSE001', '19CSE101'),
('2019CSE001', '19CSE102'),
('2019CSE001', '19CSE103'),
('2019CSE001', '19CSE104'),
('2019CSE001', '19CSE105'),
('2019CSE001', '19CSE106'),
('2019CSE001', '19CSE107'),
('2019CSE001', '19CSE108'),
('2019CSE001', '19CSE109'),
('2019CSE001', '19CSE110'),
('2019CSE001', '19CSE111'),
('2019CSE001', '19CSE112'),
('2019CSE001', '19CSE113'),
('2019CSE001', '19CSE114'),
('2019CSE001', '19CSE115'),
('2019CSE001', '19CSE116'),
('2019CSE001', '19CSE117'),
('2019CSE001', '19CSE118'),
('2019CSE001', '19CSE119'),
('2019CSE001', '19CSE120'),
('2019CSE001', '19CSE121'),
('2019CSE001', '19CSE122'),
('2019CSE001', '19CSE123'),
('2019CSE001', '19CSE124'),
('2019CSE001', '19CSE125'),
('2019CSE001', '19CSE126'),
('2019CSE001', '19CSE127'),
('2019CSE001', '19CSE128'),
('2019CSE001', '19CSE129'),
('2019CSE001', '19CSE130'),
('2019CSE002', '19CSE131'),
('2019CSE002', '19CSE132'),
('2019CSE002', '19CSE133'),
('2019CSE002', '19CSE134'),
('2019CSE002', '19CSE135'),
('2019CSE002', '19CSE136'),
('2019CSE002', '19CSE137'),
('2019CSE002', '19CSE138'),
('2019CSE002', '19CSE139'),
('2019CSE002', '19CSE140'),
('2019CSE002', '19CSE141'),
('2019CSE002', '19CSE142'),
('2019CSE002', '19CSE143'),
('2019CSE002', '19CSE144'),
('2019CSE002', '19CSE145'),
('2019CSE002', '19CSE146'),
('2019CSE002', '19CSE147'),
('2019CSE002', '19CSE148'),
('2019CSE002', '19CSE149'),
('2019CSE002', '19CSE150'),
('2019CSE002', '19CSE151'),
('2019CSE002', '19CSE152'),
('2019CSE002', '19CSE153'),
('2019CSE002', '19CSE154'),
('2019CSE002', '19CSE155'),
('2019CSE002', '19CSE156'),
('2019CSE002', '19CSE157'),
('2019CSE002', '19CSE158'),
('2019CSE002', '19CSE159'),
('2019CSE002', '19CSE160');

-- --------------------------------------------------------

--
-- Table structure for table `group_data`
--

CREATE TABLE `group_data` (
  `id` int(11) NOT NULL,
  `name` longtext NOT NULL
) ENGINE=InnoDB DEFAULT CHARSET=utf8mb4;

--
-- Dumping data for table `group_data`
--

INSERT INTO `group_data` (`id`, `name`) VALUES
(9, '2019CSE001'),
(10, '2019CSE002');

-- --------------------------------------------------------

--
-- Table structure for table `login`
--

CREATE TABLE `login` (
  `id` int(11) NOT NULL,
  `username` longtext NOT NULL,
  `password` longtext NOT NULL,
  `role` int(11) NOT NULL
) ENGINE=InnoDB DEFAULT CHARSET=utf8mb4;

--
-- Dumping data for table `login`
--

INSERT INTO `login` (`id`, `username`, `password`, `role`) VALUES
(1, 'ADMIN', 'admin', 3),
(46, '19CSE101', 'abc123', 2),
(47, '19CSE102', 'abc123', 2),
(48, '19CSE103', 'abc123', 2),
(49, '19CSE104', 'abc123', 2),
(50, '19CSE105', 'abc123', 2),
(51, '19CSE106', 'abc123', 2),
(52, '19CSE107', 'abc123', 2),
(53, '19CSE108', 'abc123', 2),
(54, '19CSE109', 'abc123', 2),
(55, '19CSE110', 'abc123', 2),
(56, '19CSE111', 'abc123', 2),
(57, '19CSE112', 'abc123', 2),
(58, '19CSE113', 'abc123', 2),
(59, '19CSE114', 'abc123', 2),
(60, '19CSE115', 'abc123', 2),
(61, '19CSE116', 'abc123', 2),
(62, '19CSE117', 'abc123', 2),
(63, '19CSE118', 'abc123', 2),
(64, '19CSE119', 'abc123', 2),
(65, '19CSE120', 'abc123', 2),
(66, '19CSE121', 'abc123', 2),
(67, '19CSE122', 'abc123', 2),
(68, '19CSE123', 'abc123', 2),
(69, '19CSE124', 'abc123', 2),
(70, '19CSE125', 'abc123', 2),
(71, '19CSE126', 'abc123', 2),
(72, '19CSE127', 'abc123', 2),
(73, '19CSE128', 'abc123', 2),
(74, '19CSE129', 'abc123', 2),
(75, '19CSE130', 'abc123', 2),
(76, '19CSE131', 'abc123', 2),
(77, '19CSE132', 'abc123', 2),
(78, '19CSE133', 'abc123', 2),
(79, '19CSE134', 'abc123', 2),
(80, '19CSE135', 'abc123', 2),
(81, '19CSE136', 'abc123', 2),
(82, '19CSE137', 'abc123', 2),
(83, '19CSE138', 'abc123', 2),
(84, '19CSE139', 'abc123', 2),
(85, '19CSE140', 'abc123', 2),
(86, '19CSE141', 'abc123', 2),
(87, '19CSE142', 'abc123', 2),
(88, '19CSE143', 'abc123', 2),
(89, '19CSE144', 'abc123', 2),
(90, '19CSE145', 'abc123', 2),
(91, '19CSE146', 'abc123', 2),
(92, '19CSE147', 'abc123', 2),
(93, '19CSE148', 'abc123', 2),
(94, '19CSE149', 'abc123', 2),
(95, '19CSE150', 'abc123', 2),
(96, '19CSE151', 'abc123', 2),
(97, '19CSE152', 'abc123', 2),
(98, '19CSE153', 'abc123', 2),
(99, '19CSE154', 'abc123', 2),
(100, '19CSE155', 'abc123', 2),
(101, '19CSE156', 'abc123', 2),
(102, '19CSE157', 'abc123', 2),
(103, '19CSE158', 'abc123', 2),
(104, '19CSE159', 'abc123', 2),
(105, '19CSE160', 'abc123', 2),
(106, '1002', 'abc123', 1),
(107, '1005', 'abc123', 1),
(108, '1006', 'abc123', 1),
(109, '1001', 'abc123', 1),
(110, '1003', 'abc123', 1),
(111, '1004', 'abc123', 1);

-- --------------------------------------------------------

--
-- Table structure for table `marks`
--

CREATE TABLE `marks` (
  `slot` varchar(100) NOT NULL,
  `id` longtext NOT NULL,
  `groupname` longtext NOT NULL,
  `testname` varchar(200) NOT NULL,
  `mark` float NOT NULL,
  `totalmark` float NOT NULL,
  `facid` varchar(200) NOT NULL
) ENGINE=InnoDB DEFAULT CHARSET=utf8mb4;

--
-- Dumping data for table `marks`
--

INSERT INTO `marks` (`slot`, `id`, `groupname`, `testname`, `mark`, `totalmark`, `facid`) VALUES
('l1', '19CSE101', '2019CSE001', 'Final Exam', 50, 50, '1002'),
('l1', '19CSE101', '2019CSE001', 'Test - 1', 10, 10, '1002'),
('l1', '19CSE101', '2019CSE001', 'Test - 2', 10, 10, '1002'),
('l1', '19CSE101', '2019CSE001', 'Test - 3', 10, 10, '1002'),
('l1', '19CSE101', '2019CSE001', 'Test - 4', 20, 20, '1002'),
('l2', '19CSE101', '2019CSE001', 'Assignment - 1', 10, 10, '1003'),
('l2', '19CSE101', '2019CSE001', 'Final Assessment', 50, 50, '1003'),
('l2', '19CSE101', '2019CSE001', 'Internals (Consolidated)', 40, 50, '1003'),
('l5', '19CSE101', '2019CSE001', 'Internal Assessments (Consolidated experiments score)', 50, 50, '1004'),
('p1', '19CSE101', '2019CSE001', 'Final Test', 43, 50, '1005'),
('p1', '19CSE101', '2019CSE001', 'Test - 1', 25, 25, '1005'),
('p1', '19CSE101', '2019CSE001', 'Test - 2', 22, 25, '1005'),
('p2', '19CSE101', '2019CSE001', 'Assignment', 30, 30, '1002'),
('p2', '19CSE101', '2019CSE001', 'Final Exam', 60, 60, '1002'),
('p2', '19CSE101', '2019CSE001', 'Internal Test - 1', 50, 50, '1002'),
('p2', '19CSE101', '2019CSE001', 'Internal Test - 2', 42.5, 50, '1002'),
('p2', '19CSE101', '2019CSE001', 'Quiz 1&2 (Consolidated)', 19.5, 20, '1002'),
('p2', '19CSE101', '2019CSE001', 'Quiz 3,4,5&6 (Consolidated)', 39, 40, '1002'),
('p4', '19CSE101', '2019CSE001', 'Assignment ', 30, 30, '1006'),
('p4', '19CSE101', '2019CSE001', 'Final Exam', 39, 40, '1006'),
('p4', '19CSE101', '2019CSE001', 'Written Exam', 22, 30, '1006'),
('p5', '19CSE101', '2019CSE001', 'Consolidated Assessment', 60, 60, '1001'),
('p5', '19CSE101', '2019CSE001', 'Written Test - 1', 40, 50, '1001'),
('l1', '19CSE102', '2019CSE001', 'Final Exam', 49, 50, '1002'),
('l1', '19CSE102', '2019CSE001', 'Test - 1', 10, 10, '1002'),
('l1', '19CSE102', '2019CSE001', 'Test - 2', 10, 10, '1002'),
('l1', '19CSE102', '2019CSE001', 'Test - 3', 10, 10, '1002'),
('l1', '19CSE102', '2019CSE001', 'Test - 4', 19, 20, '1002'),
('l2', '19CSE102', '2019CSE001', 'Assignment - 1', 10, 10, '1003'),
('l2', '19CSE102', '2019CSE001', 'Final Assessment', 50, 50, '1003'),
('l2', '19CSE102', '2019CSE001', 'Internals (Consolidated)', 40, 50, '1003'),
('l5', '19CSE102', '2019CSE001', 'Internal Assessments (Consolidated experiments score)', 50, 50, '1004'),
('p1', '19CSE102', '2019CSE001', 'Final Test', 42, 50, '1005'),
('p1', '19CSE102', '2019CSE001', 'Test - 1', 25, 25, '1005'),
('p1', '19CSE102', '2019CSE001', 'Test - 2', 25, 25, '1005'),
('p2', '19CSE102', '2019CSE001', 'Assignment', 30, 30, '1002'),
('p2', '19CSE102', '2019CSE001', 'Final Exam', 59, 60, '1002'),
('p2', '19CSE102', '2019CSE001', 'Internal Test - 1', 49, 50, '1002'),
('p2', '19CSE102', '2019CSE001', 'Internal Test - 2', 40, 50, '1002'),
('p2', '19CSE102', '2019CSE001', 'Quiz 1&2 (Consolidated)', 18, 20, '1002'),
('p2', '19CSE102', '2019CSE001', 'Quiz 3,4,5&6 (Consolidated)', 39, 40, '1002'),
('p4', '19CSE102', '2019CSE001', 'Assignment ', 30, 30, '1006'),
('p4', '19CSE102', '2019CSE001', 'Final Exam', 36, 40, '1006'),
('p4', '19CSE102', '2019CSE001', 'Written Exam', 25, 30, '1006'),
('p5', '19CSE102', '2019CSE001', 'Consolidated Assessment', 58.5, 60, '1001'),
('p5', '19CSE102', '2019CSE001', 'Written Test - 1', 42, 50, 'VIVAN.RUDRA'),
('l1', '19CSE103', '2019CSE001', 'Final Exam', 48, 50, '1002'),
('l1', '19CSE103', '2019CSE001', 'Test - 1', 10, 10, '1002'),
('l1', '19CSE103', '2019CSE001', 'Test - 2', 10, 10, '1002'),
('l1', '19CSE103', '2019CSE001', 'Test - 3', 10, 10, '1002'),
('l1', '19CSE103', '2019CSE001', 'Test - 4', 19, 20, '1002'),
('l2', '19CSE103', '2019CSE001', 'Assignment - 1', 10, 10, '1003'),
('l2', '19CSE103', '2019CSE001', 'Final Assessment', 45, 50, '1003'),
('l2', '19CSE103', '2019CSE001', 'Internals (Consolidated)', 40, 50, '1003'),
('l5', '19CSE103', '2019CSE001', 'Internal Assessments (Consolidated experiments score)', 50, 50, '1004'),
('p1', '19CSE103', '2019CSE001', 'Final Test', 41, 50, '1005'),
('p1', '19CSE103', '2019CSE001', 'Test - 1', 24, 25, '1005'),
('p1', '19CSE103', '2019CSE001', 'Test - 2', 22, 25, '1005'),
('p2', '19CSE103', '2019CSE001', 'Assignment', 30, 30, '1002'),
('p2', '19CSE103', '2019CSE001', 'Final Exam', 53, 60, '1002'),
('p2', '19CSE103', '2019CSE001', 'Internal Test - 1', 43, 50, '1002'),
('p2', '19CSE103', '2019CSE001', 'Internal Test - 2', 30, 50, '1002'),
('p2', '19CSE103', '2019CSE001', 'Quiz 1&2 (Consolidated)', 19, 20, '1002'),
('p2', '19CSE103', '2019CSE001', 'Quiz 3,4,5&6 (Consolidated)', 39, 40, '1002'),
('p4', '19CSE103', '2019CSE001', 'Assignment ', 30, 30, '1006'),
('p4', '19CSE103', '2019CSE001', 'Final Exam', 35, 40, '1006'),
('p4', '19CSE103', '2019CSE001', 'Written Exam', 24, 30, '1006'),
('p5', '19CSE103', '2019CSE001', 'Consolidated Assessment', 60, 60, '1001'),
('p5', '19CSE103', '2019CSE001', 'Written Test - 1', 45, 50, 'VIVAN.RUDRA'),
('l1', '19CSE104', '2019CSE001', 'Final Exam', 49, 50, '1002'),
('l1', '19CSE104', '2019CSE001', 'Test - 1', 10, 10, '1002'),
('l1', '19CSE104', '2019CSE001', 'Test - 2', 10, 10, '1002'),
('l1', '19CSE104', '2019CSE001', 'Test - 3', 10, 10, '1002'),
('l1', '19CSE104', '2019CSE001', 'Test - 4', 20, 20, '1002'),
('l2', '19CSE104', '2019CSE001', 'Assignment - 1', 0, 10, '1003'),
('l2', '19CSE104', '2019CSE001', 'Final Assessment', 45, 50, '1003'),
('l2', '19CSE104', '2019CSE001', 'Internals (Consolidated)', 40, 50, '1003'),
('l5', '19CSE104', '2019CSE001', 'Internal Assessments (Consolidated experiments score)', 50, 50, '1004'),
('p1', '19CSE104', '2019CSE001', 'Final Test', 43, 50, '1005'),
('p1', '19CSE104', '2019CSE001', 'Test - 1', 25, 25, '1005'),
('p1', '19CSE104', '2019CSE001', 'Test - 2', 23, 25, '1005'),
('p2', '19CSE104', '2019CSE001', 'Assignment', 30, 30, '1002'),
('p2', '19CSE104', '2019CSE001', 'Final Exam', 53, 60, '1002'),
('p2', '19CSE104', '2019CSE001', 'Internal Test - 1', 48, 50, '1002'),
('p2', '19CSE104', '2019CSE001', 'Internal Test - 2', 37.5, 50, '1002'),
('p2', '19CSE104', '2019CSE001', 'Quiz 1&2 (Consolidated)', 10, 20, '1002'),
('p2', '19CSE104', '2019CSE001', 'Quiz 3,4,5&6 (Consolidated)', 39, 40, '1002'),
('p4', '19CSE104', '2019CSE001', 'Assignment ', 30, 30, '1006'),
('p4', '19CSE104', '2019CSE001', 'Final Exam', 34, 40, '1006'),
('p4', '19CSE104', '2019CSE001', 'Written Exam', 26, 30, '1006'),
('p5', '19CSE104', '2019CSE001', 'Consolidated Assessment', 60, 60, '1001'),
('p5', '19CSE104', '2019CSE001', 'Written Test - 1', 50, 50, 'VIVAN.RUDRA'),
('l1', '19CSE105', '2019CSE001', 'Final Exam', 49, 50, '1002'),
('l1', '19CSE105', '2019CSE001', 'Test - 1', 10, 10, '1002'),
('l1', '19CSE105', '2019CSE001', 'Test - 2', 10, 10, '1002'),
('l1', '19CSE105', '2019CSE001', 'Test - 3', 10, 10, '1002'),
('l1', '19CSE105', '2019CSE001', 'Test - 4', 20, 20, '1002'),
('l2', '19CSE105', '2019CSE001', 'Assignment - 1', 0.5, 10, '1003'),
('l2', '19CSE105', '2019CSE001', 'Final Assessment', 41, 50, '1003'),
('l2', '19CSE105', '2019CSE001', 'Internals (Consolidated)', 41, 50, '1003'),
('l5', '19CSE105', '2019CSE001', 'Internal Assessments (Consolidated experiments score)', 50, 50, '1004'),
('p1', '19CSE105', '2019CSE001', 'Final Test', 40, 50, '1005'),
('p1', '19CSE105', '2019CSE001', 'Test - 1', 24, 25, '1005'),
('p1', '19CSE105', '2019CSE001', 'Test - 2', 23, 25, '1005'),
('p2', '19CSE105', '2019CSE001', 'Assignment', 29.5, 30, '1002'),
('p2', '19CSE105', '2019CSE001', 'Final Exam', 57, 60, '1002'),
('p2', '19CSE105', '2019CSE001', 'Internal Test - 1', 46.5, 50, '1002'),
('p2', '19CSE105', '2019CSE001', 'Internal Test - 2', 41, 50, '1002'),
('p2', '19CSE105', '2019CSE001', 'Quiz 1&2 (Consolidated)', 20, 20, '1002'),
('p2', '19CSE105', '2019CSE001', 'Quiz 3,4,5&6 (Consolidated)', 37, 40, '1002'),
('p4', '19CSE105', '2019CSE001', 'Assignment ', 30, 30, '1006'),
('p4', '19CSE105', '2019CSE001', 'Final Exam', 38, 40, '1006'),
('p4', '19CSE105', '2019CSE001', 'Written Exam', 28, 30, '1006'),
('p5', '19CSE105', '2019CSE001', 'Consolidated Assessment', 58, 60, '1001'),
('p5', '19CSE105', '2019CSE001', 'Written Test - 1', 50, 50, 'VIVAN.RUDRA'),
('l1', '19CSE106', '2019CSE001', 'Final Exam', 49, 50, '1002'),
('l1', '19CSE106', '2019CSE001', 'Test - 1', 10, 10, '1002'),
('l1', '19CSE106', '2019CSE001', 'Test - 2', 10, 10, '1002'),
('l1', '19CSE106', '2019CSE001', 'Test - 3', 10, 10, '1002'),
('l1', '19CSE106', '2019CSE001', 'Test - 4', 15, 20, '1002'),
('l2', '19CSE106', '2019CSE001', 'Assignment - 1', 0.5, 10, '1003'),
('l2', '19CSE106', '2019CSE001', 'Final Assessment', 47, 50, '1003'),
('l2', '19CSE106', '2019CSE001', 'Internals (Consolidated)', 40, 50, '1003'),
('l5', '19CSE106', '2019CSE001', 'Internal Assessments (Consolidated experiments score)', 50, 50, '1004'),
('p1', '19CSE106', '2019CSE001', 'Final Test', 45, 50, '1005'),
('p1', '19CSE106', '2019CSE001', 'Test - 1', 23, 25, '1005'),
('p1', '19CSE106', '2019CSE001', 'Test - 2', 21, 25, '1005'),
('p2', '19CSE106', '2019CSE001', 'Assignment', 30, 30, '1002'),
('p2', '19CSE106', '2019CSE001', 'Final Exam', 50, 60, '1002'),
('p2', '19CSE106', '2019CSE001', 'Internal Test - 1', 48.5, 50, '1002'),
('p2', '19CSE106', '2019CSE001', 'Internal Test - 2', 30, 50, '1002'),
('p2', '19CSE106', '2019CSE001', 'Quiz 1&2 (Consolidated)', 19.5, 20, '1002'),
('p2', '19CSE106', '2019CSE001', 'Quiz 3,4,5&6 (Consolidated)', 33, 40, '1002'),
('p4', '19CSE106', '2019CSE001', 'Assignment ', 30, 30, '1006'),
('p4', '19CSE106', '2019CSE001', 'Final Exam', 36, 40, '1006'),
('p4', '19CSE106', '2019CSE001', 'Written Exam', 24, 30, '1006'),
('p5', '19CSE106', '2019CSE001', 'Consolidated Assessment', 50, 60, '1001'),
('p5', '19CSE106', '2019CSE001', 'Written Test - 1', 14, 50, 'VIVAN.RUDRA'),
('l1', '19CSE107', '2019CSE001', 'Final Exam', 49, 50, '1002'),
('l1', '19CSE107', '2019CSE001', 'Test - 1', 10, 10, '1002'),
('l1', '19CSE107', '2019CSE001', 'Test - 2', 10, 10, '1002'),
('l1', '19CSE107', '2019CSE001', 'Test - 3', 10, 10, '1002'),
('l1', '19CSE107', '2019CSE001', 'Test - 4', 20, 20, '1002'),
('l2', '19CSE107', '2019CSE001', 'Assignment - 1', 0.5, 10, '1003'),
('l2', '19CSE107', '2019CSE001', 'Final Assessment', 41, 50, '1003'),
('l2', '19CSE107', '2019CSE001', 'Internals (Consolidated)', 40, 50, '1003'),
('l5', '19CSE107', '2019CSE001', 'Internal Assessments (Consolidated experiments score)', 50, 50, '1004'),
('p1', '19CSE107', '2019CSE001', 'Final Test', 42, 50, '1005'),
('p1', '19CSE107', '2019CSE001', 'Test - 1', 21, 25, '1005'),
('p1', '19CSE107', '2019CSE001', 'Test - 2', 24, 25, '1005'),
('p2', '19CSE107', '2019CSE001', 'Assignment', 30, 30, '1002'),
('p2', '19CSE107', '2019CSE001', 'Final Exam', 56, 60, '1002'),
('p2', '19CSE107', '2019CSE001', 'Internal Test - 1', 40, 50, '1002'),
('p2', '19CSE107', '2019CSE001', 'Internal Test - 2', 30, 50, '1002'),
('p2', '19CSE107', '2019CSE001', 'Quiz 1&2 (Consolidated)', 19.5, 20, '1002'),
('p2', '19CSE107', '2019CSE001', 'Quiz 3,4,5&6 (Consolidated)', 34, 40, '1002'),
('p4', '19CSE107', '2019CSE001', 'Assignment ', 29, 30, '1006'),
('p4', '19CSE107', '2019CSE001', 'Final Exam', 32, 40, '1006'),
('p4', '19CSE107', '2019CSE001', 'Written Exam', 2, 30, '1006'),
('p5', '19CSE107', '2019CSE001', 'Consolidated Assessment', 43, 60, '1001'),
('p5', '19CSE107', '2019CSE001', 'Written Test - 1', 45, 50, 'VIVAN.RUDRA'),
('l1', '19CSE108', '2019CSE001', 'Final Exam', 48, 50, '1002'),
('l1', '19CSE108', '2019CSE001', 'Test - 1', 10, 10, '1002'),
('l1', '19CSE108', '2019CSE001', 'Test - 2', 10, 10, '1002'),
('l1', '19CSE108', '2019CSE001', 'Test - 3', 10, 10, '1002'),
('l1', '19CSE108', '2019CSE001', 'Test - 4', 15, 20, '1002'),
('l2', '19CSE108', '2019CSE001', 'Assignment - 1', 0.5, 10, '1003'),
('l2', '19CSE108', '2019CSE001', 'Final Assessment', 42, 50, '1003'),
('l2', '19CSE108', '2019CSE001', 'Internals (Consolidated)', 40, 50, '1003'),
('l5', '19CSE108', '2019CSE001', 'Internal Assessments (Consolidated experiments score)', 50, 50, '1004'),
('p1', '19CSE108', '2019CSE001', 'Final Test', 47, 50, '1005'),
('p1', '19CSE108', '2019CSE001', 'Test - 1', 25, 25, '1005'),
('p1', '19CSE108', '2019CSE001', 'Test - 2', 23, 25, '1005'),
('p2', '19CSE108', '2019CSE001', 'Assignment', 28.5, 30, '1002'),
('p2', '19CSE108', '2019CSE001', 'Final Exam', 53, 60, '1002'),
('p2', '19CSE108', '2019CSE001', 'Internal Test - 1', 42, 50, '1002'),
('p2', '19CSE108', '2019CSE001', 'Internal Test - 2', 32, 50, '1002'),
('p2', '19CSE108', '2019CSE001', 'Quiz 1&2 (Consolidated)', 15, 20, '1002'),
('p2', '19CSE108', '2019CSE001', 'Quiz 3,4,5&6 (Consolidated)', 32, 40, '1002'),
('p4', '19CSE108', '2019CSE001', 'Assignment ', 30, 30, '1006'),
('p4', '19CSE108', '2019CSE001', 'Final Exam', 33, 40, '1006'),
('p4', '19CSE108', '2019CSE001', 'Written Exam', 21, 30, '1006'),
('p5', '19CSE108', '2019CSE001', 'Consolidated Assessment', 60, 60, '1001'),
('p5', '19CSE108', '2019CSE001', 'Written Test - 1', 41, 50, 'VIVAN.RUDRA'),
('l1', '19CSE109', '2019CSE001', 'Final Exam', 25, 50, '1002'),
('l1', '19CSE109', '2019CSE001', 'Test - 1', 10, 10, '1002'),
('l1', '19CSE109', '2019CSE001', 'Test - 2', 10, 10, '1002'),
('l1', '19CSE109', '2019CSE001', 'Test - 3', 10, 10, '1002'),
('l1', '19CSE109', '2019CSE001', 'Test - 4', 18, 20, '1002'),
('l2', '19CSE109', '2019CSE001', 'Assignment - 1', 0.5, 10, '1003'),
('l2', '19CSE109', '2019CSE001', 'Final Assessment', 46.5, 50, '1003'),
('l2', '19CSE109', '2019CSE001', 'Internals (Consolidated)', 40, 50, '1003'),
('l5', '19CSE109', '2019CSE001', 'Internal Assessments (Consolidated experiments score)', 50, 50, '1004'),
('p1', '19CSE109', '2019CSE001', 'Final Test', 42, 50, '1005'),
('p1', '19CSE109', '2019CSE001', 'Test - 1', 23, 25, '1005'),
('p1', '19CSE109', '2019CSE001', 'Test - 2', 25, 25, '1005'),
('p2', '19CSE109', '2019CSE001', 'Assignment', 24.5, 30, '1002'),
('p2', '19CSE109', '2019CSE001', 'Final Exam', 51, 60, '1002'),
('p2', '19CSE109', '2019CSE001', 'Internal Test - 1', 21, 50, '1002'),
('p2', '19CSE109', '2019CSE001', 'Internal Test - 2', 27, 50, '1002'),
('p2', '19CSE109', '2019CSE001', 'Quiz 1&2 (Consolidated)', 17.5, 20, '1002'),
('p2', '19CSE109', '2019CSE001', 'Quiz 3,4,5&6 (Consolidated)', 33, 40, '1002'),
('p4', '19CSE109', '2019CSE001', 'Assignment ', 30, 30, '1006'),
('p4', '19CSE109', '2019CSE001', 'Final Exam', 34, 40, '1006'),
('p4', '19CSE109', '2019CSE001', 'Written Exam', 23, 30, '1006'),
('p5', '19CSE109', '2019CSE001', 'Consolidated Assessment', 56, 60, '1001'),
('p5', '19CSE109', '2019CSE001', 'Written Test - 1', 47, 50, 'VIVAN.RUDRA'),
('l1', '19CSE110', '2019CSE001', 'Final Exam', 30, 50, '1002'),
('l1', '19CSE110', '2019CSE001', 'Test - 1', 10, 10, '1002'),
('l1', '19CSE110', '2019CSE001', 'Test - 2', 10, 10, '1002'),
('l1', '19CSE110', '2019CSE001', 'Test - 3', 10, 10, '1002'),
('l1', '19CSE110', '2019CSE001', 'Test - 4', 20, 20, '1002'),
('l2', '19CSE110', '2019CSE001', 'Assignment - 1', 0.5, 10, '1003'),
('l2', '19CSE110', '2019CSE001', 'Final Assessment', 45, 50, '1003'),
('l2', '19CSE110', '2019CSE001', 'Internals (Consolidated)', 40, 50, '1003'),
('l5', '19CSE110', '2019CSE001', 'Internal Assessments (Consolidated experiments score)', 50, 50, '1004'),
('p1', '19CSE110', '2019CSE001', 'Final Test', 42, 50, '1005'),
('p1', '19CSE110', '2019CSE001', 'Test - 1', 21, 25, '1005'),
('p1', '19CSE110', '2019CSE001', 'Test - 2', 21, 25, '1005'),
('p2', '19CSE110', '2019CSE001', 'Assignment', 29.5, 30, '1002'),
('p2', '19CSE110', '2019CSE001', 'Final Exam', 59, 60, '1002'),
('p2', '19CSE110', '2019CSE001', 'Internal Test - 1', 43, 50, '1002'),
('p2', '19CSE110', '2019CSE001', 'Internal Test - 2', 21, 50, '1002'),
('p2', '19CSE110', '2019CSE001', 'Quiz 1&2 (Consolidated)', 20, 20, '1002'),
('p2', '19CSE110', '2019CSE001', 'Quiz 3,4,5&6 (Consolidated)', 32, 40, '1002'),
('p4', '19CSE110', '2019CSE001', 'Assignment ', 30, 30, '1006'),
('p4', '19CSE110', '2019CSE001', 'Final Exam', 36, 40, '1006'),
('p4', '19CSE110', '2019CSE001', 'Written Exam', 25, 30, '1006'),
('p5', '19CSE110', '2019CSE001', 'Consolidated Assessment', 55, 60, '1001'),
('p5', '19CSE110', '2019CSE001', 'Written Test - 1', 24, 50, 'VIVAN.RUDRA'),
('l1', '19CSE111', '2019CSE001', 'Final Exam', 50, 50, '1002'),
('l1', '19CSE111', '2019CSE001', 'Test - 1', 10, 10, '1002'),
('l1', '19CSE111', '2019CSE001', 'Test - 2', 10, 10, '1002'),
('l1', '19CSE111', '2019CSE001', 'Test - 3', 9, 10, '1002'),
('l1', '19CSE111', '2019CSE001', 'Test - 4', 18, 20, '1002'),
('l2', '19CSE111', '2019CSE001', 'Assignment - 1', 0.5, 10, '1003'),
('l2', '19CSE111', '2019CSE001', 'Final Assessment', 41, 50, '1003'),
('l2', '19CSE111', '2019CSE001', 'Internals (Consolidated)', 40, 50, '1003'),
('l5', '19CSE111', '2019CSE001', 'Internal Assessments (Consolidated experiments score)', 50, 50, '1004'),
('p1', '19CSE111', '2019CSE001', 'Final Test', 45.5, 50, '1005'),
('p1', '19CSE111', '2019CSE001', 'Test - 1', 24, 25, '1005'),
('p1', '19CSE111', '2019CSE001', 'Test - 2', 20.5, 25, '1005'),
('p2', '19CSE111', '2019CSE001', 'Assignment', 30, 30, '1002'),
('p2', '19CSE111', '2019CSE001', 'Final Exam', 53, 60, '1002'),
('p2', '19CSE111', '2019CSE001', 'Internal Test - 1', 38, 50, '1002'),
('p2', '19CSE111', '2019CSE001', 'Internal Test - 2', 6, 50, '1002'),
('p2', '19CSE111', '2019CSE001', 'Quiz 1&2 (Consolidated)', 19.5, 20, '1002'),
('p2', '19CSE111', '2019CSE001', 'Quiz 3,4,5&6 (Consolidated)', 33, 40, '1002'),
('p4', '19CSE111', '2019CSE001', 'Assignment ', 30, 30, '1006'),
('p4', '19CSE111', '2019CSE001', 'Final Exam', 37, 40, '1006'),
('p4', '19CSE111', '2019CSE001', 'Written Exam', 21, 30, '1006'),
('p5', '19CSE111', '2019CSE001', 'Consolidated Assessment', 55, 60, '1001'),
('p5', '19CSE111', '2019CSE001', 'Written Test - 1', 26, 50, 'VIVAN.RUDRA'),
('l1', '19CSE112', '2019CSE001', 'Final Exam', 25, 50, '1002'),
('l1', '19CSE112', '2019CSE001', 'Test - 1', 10, 10, '1002'),
('l1', '19CSE112', '2019CSE001', 'Test - 2', 10, 10, '1002'),
('l1', '19CSE112', '2019CSE001', 'Test - 3', 9, 10, '1002'),
('l1', '19CSE112', '2019CSE001', 'Test - 4', 19, 20, '1002'),
('l2', '19CSE112', '2019CSE001', 'Assignment - 1', 0.5, 10, '1003'),
('l2', '19CSE112', '2019CSE001', 'Final Assessment', 42, 50, '1003'),
('l2', '19CSE112', '2019CSE001', 'Internals (Consolidated)', 40, 50, '1003'),
('l5', '19CSE112', '2019CSE001', 'Internal Assessments (Consolidated experiments score)', 50, 50, '1004'),
('p1', '19CSE112', '2019CSE001', 'Final Test', 40, 50, '1005'),
('p1', '19CSE112', '2019CSE001', 'Test - 1', 25, 25, '1005'),
('p1', '19CSE112', '2019CSE001', 'Test - 2', 23.5, 25, '1005'),
('p2', '19CSE112', '2019CSE001', 'Assignment', 30, 30, '1002'),
('p2', '19CSE112', '2019CSE001', 'Final Exam', 38, 60, '1002'),
('p2', '19CSE112', '2019CSE001', 'Internal Test - 1', 37.5, 50, '1002'),
('p2', '19CSE112', '2019CSE001', 'Internal Test - 2', 8, 50, '1002'),
('p2', '19CSE112', '2019CSE001', 'Quiz 1&2 (Consolidated)', 19, 20, '1002'),
('p2', '19CSE112', '2019CSE001', 'Quiz 3,4,5&6 (Consolidated)', 33, 40, '1002'),
('p4', '19CSE112', '2019CSE001', 'Assignment ', 30, 30, '1006'),
('p4', '19CSE112', '2019CSE001', 'Final Exam', 39, 40, '1006'),
('p4', '19CSE112', '2019CSE001', 'Written Exam', 23, 30, '1006'),
('p5', '19CSE112', '2019CSE001', 'Consolidated Assessment', 55, 60, '1001'),
('p5', '19CSE112', '2019CSE001', 'Written Test - 1', 28, 50, 'VIVAN.RUDRA'),
('l1', '19CSE113', '2019CSE001', 'Final Exam', 30, 50, '1002'),
('l1', '19CSE113', '2019CSE001', 'Test - 1', 10, 10, '1002'),
('l1', '19CSE113', '2019CSE001', 'Test - 2', 10, 10, '1002'),
('l1', '19CSE113', '2019CSE001', 'Test - 3', 9, 10, '1002'),
('l1', '19CSE113', '2019CSE001', 'Test - 4', 17, 20, '1002'),
('l2', '19CSE113', '2019CSE001', 'Assignment - 1', 0.5, 10, '1003'),
('l2', '19CSE113', '2019CSE001', 'Final Assessment', 48, 50, '1003'),
('l2', '19CSE113', '2019CSE001', 'Internals (Consolidated)', 40, 50, '1003'),
('l5', '19CSE113', '2019CSE001', 'Internal Assessments (Consolidated experiments score)', 50, 50, '1004'),
('p1', '19CSE113', '2019CSE001', 'Final Test', 42, 50, '1005'),
('p1', '19CSE113', '2019CSE001', 'Test - 1', 23, 25, '1005'),
('p1', '19CSE113', '2019CSE001', 'Test - 2', 21, 25, '1005'),
('p2', '19CSE113', '2019CSE001', 'Assignment', 30, 30, '1002'),
('p2', '19CSE113', '2019CSE001', 'Final Exam', 35, 60, '1002'),
('p2', '19CSE113', '2019CSE001', 'Internal Test - 1', 40, 50, '1002'),
('p2', '19CSE113', '2019CSE001', 'Internal Test - 2', 19.5, 50, '1002'),
('p2', '19CSE113', '2019CSE001', 'Quiz 1&2 (Consolidated)', 18, 20, '1002'),
('p2', '19CSE113', '2019CSE001', 'Quiz 3,4,5&6 (Consolidated)', 32, 40, '1002'),
('p4', '19CSE113', '2019CSE001', 'Assignment ', 28, 30, '1006'),
('p4', '19CSE113', '2019CSE001', 'Final Exam', 35, 40, '1006'),
('p4', '19CSE113', '2019CSE001', 'Written Exam', 23, 30, '1006'),
('p5', '19CSE113', '2019CSE001', 'Consolidated Assessment', 51, 60, '1001'),
('p5', '19CSE113', '2019CSE001', 'Written Test - 1', 35, 50, 'VIVAN.RUDRA'),
('l1', '19CSE114', '2019CSE001', 'Final Exam', 36.5, 50, '1002'),
('l1', '19CSE114', '2019CSE001', 'Test - 1', 10, 10, '1002'),
('l1', '19CSE114', '2019CSE001', 'Test - 2', 10, 10, '1002'),
('l1', '19CSE114', '2019CSE001', 'Test - 3', 9, 10, '1002'),
('l1', '19CSE114', '2019CSE001', 'Test - 4', 17, 20, '1002'),
('l2', '19CSE114', '2019CSE001', 'Assignment - 1', 0.5, 10, '1003'),
('l2', '19CSE114', '2019CSE001', 'Final Assessment', 46, 50, '1003'),
('l2', '19CSE114', '2019CSE001', 'Internals (Consolidated)', 40, 50, '1003'),
('l5', '19CSE114', '2019CSE001', 'Internal Assessments (Consolidated experiments score)', 50, 50, '1004'),
('p1', '19CSE114', '2019CSE001', 'Final Test', 35, 50, '1005'),
('p1', '19CSE114', '2019CSE001', 'Test - 1', 21, 25, '1005'),
('p1', '19CSE114', '2019CSE001', 'Test - 2', 21, 25, '1005'),
('p2', '19CSE114', '2019CSE001', 'Assignment', 30, 30, '1002'),
('p2', '19CSE114', '2019CSE001', 'Final Exam', 45, 60, '1002'),
('p2', '19CSE114', '2019CSE001', 'Internal Test - 1', 40, 50, '1002'),
('p2', '19CSE114', '2019CSE001', 'Internal Test - 2', 41, 50, '1002'),
('p2', '19CSE114', '2019CSE001', 'Quiz 1&2 (Consolidated)', 19, 20, '1002'),
('p2', '19CSE114', '2019CSE001', 'Quiz 3,4,5&6 (Consolidated)', 37, 40, '1002'),
('p4', '19CSE114', '2019CSE001', 'Assignment ', 29, 30, '1006'),
('p4', '19CSE114', '2019CSE001', 'Final Exam', 36, 40, '1006'),
('p4', '19CSE114', '2019CSE001', 'Written Exam', 24, 30, '1006'),
('p5', '19CSE114', '2019CSE001', 'Consolidated Assessment', 40, 60, '1001'),
('p5', '19CSE114', '2019CSE001', 'Written Test - 1', 39, 50, 'VIVAN.RUDRA'),
('l1', '19CSE115', '2019CSE001', 'Final Exam', 39.5, 50, '1002'),
('l1', '19CSE115', '2019CSE001', 'Test - 1', 10, 10, '1002'),
('l1', '19CSE115', '2019CSE001', 'Test - 2', 10, 10, '1002'),
('l1', '19CSE115', '2019CSE001', 'Test - 3', 8, 10, '1002'),
('l1', '19CSE115', '2019CSE001', 'Test - 4', 19.5, 20, '1002'),
('l2', '19CSE115', '2019CSE001', 'Assignment - 1', 0.5, 10, '1003'),
('l2', '19CSE115', '2019CSE001', 'Final Assessment', 46, 50, '1003'),
('l2', '19CSE115', '2019CSE001', 'Internals (Consolidated)', 40, 50, '1003'),
('l5', '19CSE115', '2019CSE001', 'Internal Assessments (Consolidated experiments score)', 50, 50, '1004'),
('p1', '19CSE115', '2019CSE001', 'Final Test', 39, 50, '1005'),
('p1', '19CSE115', '2019CSE001', 'Test - 1', 24, 25, '1005'),
('p1', '19CSE115', '2019CSE001', 'Test - 2', 25, 25, '1005'),
('p2', '19CSE115', '2019CSE001', 'Assignment', 30, 30, '1002'),
('p2', '19CSE115', '2019CSE001', 'Final Exam', 48, 60, '1002'),
('p2', '19CSE115', '2019CSE001', 'Internal Test - 1', 5, 50, '1002'),
('p2', '19CSE115', '2019CSE001', 'Internal Test - 2', 41, 50, '1002'),
('p2', '19CSE115', '2019CSE001', 'Quiz 1&2 (Consolidated)', 18, 20, '1002'),
('p2', '19CSE115', '2019CSE001', 'Quiz 3,4,5&6 (Consolidated)', 38, 40, '1002'),
('p4', '19CSE115', '2019CSE001', 'Assignment ', 30, 30, '1006'),
('p4', '19CSE115', '2019CSE001', 'Final Exam', 31, 40, '1006'),
('p4', '19CSE115', '2019CSE001', 'Written Exam', 26, 30, '1006'),
('p5', '19CSE115', '2019CSE001', 'Consolidated Assessment', 30, 60, '1001'),
('p5', '19CSE115', '2019CSE001', 'Written Test - 1', 38, 50, 'VIVAN.RUDRA'),
('l1', '19CSE116', '2019CSE001', 'Final Exam', 36.5, 50, '1002'),
('l1', '19CSE116', '2019CSE001', 'Test - 1', 10, 10, '1002'),
('l1', '19CSE116', '2019CSE001', 'Test - 2', 10, 10, '1002'),
('l1', '19CSE116', '2019CSE001', 'Test - 3', 10, 10, '1002'),
('l1', '19CSE116', '2019CSE001', 'Test - 4', 16.5, 20, '1002'),
('l2', '19CSE116', '2019CSE001', 'Assignment - 1', 0.5, 10, '1003'),
('l2', '19CSE116', '2019CSE001', 'Final Assessment', 45.5, 50, '1003'),
('l2', '19CSE116', '2019CSE001', 'Internals (Consolidated)', 40, 50, '1003'),
('l5', '19CSE116', '2019CSE001', 'Internal Assessments (Consolidated experiments score)', 50, 50, '1004'),
('p1', '19CSE116', '2019CSE001', 'Final Test', 38, 50, '1005'),
('p1', '19CSE116', '2019CSE001', 'Test - 1', 23, 25, '1005'),
('p1', '19CSE116', '2019CSE001', 'Test - 2', 24, 25, '1005'),
('p2', '19CSE116', '2019CSE001', 'Assignment', 30, 30, '1002'),
('p2', '19CSE116', '2019CSE001', 'Final Exam', 50.5, 60, '1002'),
('p2', '19CSE116', '2019CSE001', 'Internal Test - 1', 30, 50, '1002'),
('p2', '19CSE116', '2019CSE001', 'Internal Test - 2', 23, 50, '1002'),
('p2', '19CSE116', '2019CSE001', 'Quiz 1&2 (Consolidated)', 18.5, 20, '1002'),
('p2', '19CSE116', '2019CSE001', 'Quiz 3,4,5&6 (Consolidated)', 37, 40, '1002'),
('p4', '19CSE116', '2019CSE001', 'Assignment ', 30, 30, '1006'),
('p4', '19CSE116', '2019CSE001', 'Final Exam', 20, 40, '1006'),
('p4', '19CSE116', '2019CSE001', 'Written Exam', 23, 30, '1006'),
('p5', '19CSE116', '2019CSE001', 'Consolidated Assessment', 20, 60, '1001'),
('p5', '19CSE116', '2019CSE001', 'Written Test - 1', 37, 50, 'VIVAN.RUDRA'),
('l1', '19CSE117', '2019CSE001', 'Final Exam', 40, 50, '1002'),
('l1', '19CSE117', '2019CSE001', 'Test - 1', 10, 10, '1002'),
('l1', '19CSE117', '2019CSE001', 'Test - 2', 10, 10, '1002'),
('l1', '19CSE117', '2019CSE001', 'Test - 3', 8, 10, '1002'),
('l1', '19CSE117', '2019CSE001', 'Test - 4', 19, 20, '1002'),
('l2', '19CSE117', '2019CSE001', 'Assignment - 1', 0.5, 10, '1003'),
('l2', '19CSE117', '2019CSE001', 'Final Assessment', 46.5, 50, '1003'),
('l2', '19CSE117', '2019CSE001', 'Internals (Consolidated)', 40, 50, '1003'),
('l5', '19CSE117', '2019CSE001', 'Internal Assessments (Consolidated experiments score)', 50, 50, '1004'),
('p1', '19CSE117', '2019CSE001', 'Final Test', 34, 50, '1005'),
('p1', '19CSE117', '2019CSE001', 'Test - 1', 21, 25, '1005'),
('p1', '19CSE117', '2019CSE001', 'Test - 2', 23, 25, '1005'),
('p2', '19CSE117', '2019CSE001', 'Assignment', 30, 30, '1002'),
('p2', '19CSE117', '2019CSE001', 'Final Exam', 50, 60, '1002'),
('p2', '19CSE117', '2019CSE001', 'Internal Test - 1', 43, 50, '1002'),
('p2', '19CSE117', '2019CSE001', 'Internal Test - 2', 38, 50, '1002'),
('p2', '19CSE117', '2019CSE001', 'Quiz 1&2 (Consolidated)', 10.5, 20, '1002'),
('p2', '19CSE117', '2019CSE001', 'Quiz 3,4,5&6 (Consolidated)', 37, 40, '1002'),
('p4', '19CSE117', '2019CSE001', 'Assignment ', 30, 30, '1006'),
('p4', '19CSE117', '2019CSE001', 'Final Exam', 25, 40, '1006'),
('p4', '19CSE117', '2019CSE001', 'Written Exam', 21, 30, '1006'),
('p5', '19CSE117', '2019CSE001', 'Consolidated Assessment', 60, 60, '1001'),
('p5', '19CSE117', '2019CSE001', 'Written Test - 1', 36, 50, 'VIVAN.RUDRA'),
('l1', '19CSE118', '2019CSE001', 'Final Exam', 48.5, 50, '1002'),
('l1', '19CSE118', '2019CSE001', 'Test - 1', 10, 10, '1002'),
('l1', '19CSE118', '2019CSE001', 'Test - 2', 9, 10, '1002'),
('l1', '19CSE118', '2019CSE001', 'Test - 3', 10, 10, '1002'),
('l1', '19CSE118', '2019CSE001', 'Test - 4', 16.5, 20, '1002'),
('l2', '19CSE118', '2019CSE001', 'Assignment - 1', 0.5, 10, '1003'),
('l2', '19CSE118', '2019CSE001', 'Final Assessment', 42, 50, '1003'),
('l2', '19CSE118', '2019CSE001', 'Internals (Consolidated)', 40, 50, '1003'),
('l5', '19CSE118', '2019CSE001', 'Internal Assessments (Consolidated experiments score)', 50, 50, '1004'),
('p1', '19CSE118', '2019CSE001', 'Final Test', 44, 50, '1005'),
('p1', '19CSE118', '2019CSE001', 'Test - 1', 21, 25, '1005'),
('p1', '19CSE118', '2019CSE001', 'Test - 2', 21, 25, '1005'),
('p2', '19CSE118', '2019CSE001', 'Assignment', 30, 30, '1002'),
('p2', '19CSE118', '2019CSE001', 'Final Exam', 54, 60, '1002'),
('p2', '19CSE118', '2019CSE001', 'Internal Test - 1', 23, 50, '1002'),
('p2', '19CSE118', '2019CSE001', 'Internal Test - 2', 37, 50, '1002'),
('p2', '19CSE118', '2019CSE001', 'Quiz 1&2 (Consolidated)', 10, 20, '1002'),
('p2', '19CSE118', '2019CSE001', 'Quiz 3,4,5&6 (Consolidated)', 36, 40, '1002'),
('p4', '19CSE118', '2019CSE001', 'Assignment ', 30, 30, '1006'),
('p4', '19CSE118', '2019CSE001', 'Final Exam', 23, 40, '1006'),
('p4', '19CSE118', '2019CSE001', 'Written Exam', 20, 30, '1006'),
('p5', '19CSE118', '2019CSE001', 'Consolidated Assessment', 60, 60, '1001'),
('p5', '19CSE118', '2019CSE001', 'Written Test - 1', 32, 50, 'VIVAN.RUDRA'),
('l1', '19CSE119', '2019CSE001', 'Final Exam', 41.5, 50, '1002'),
('l1', '19CSE119', '2019CSE001', 'Test - 1', 10, 10, '1002'),
('l1', '19CSE119', '2019CSE001', 'Test - 2', 9, 10, '1002'),
('l1', '19CSE119', '2019CSE001', 'Test - 3', 10, 10, '1002'),
('l1', '19CSE119', '2019CSE001', 'Test - 4', 15.5, 20, '1002'),
('l2', '19CSE119', '2019CSE001', 'Assignment - 1', 0.5, 10, '1003'),
('l2', '19CSE119', '2019CSE001', 'Final Assessment', 44, 50, '1003'),
('l2', '19CSE119', '2019CSE001', 'Internals (Consolidated)', 40, 50, '1003'),
('l5', '19CSE119', '2019CSE001', 'Internal Assessments (Consolidated experiments score)', 50, 50, '1004'),
('p1', '19CSE119', '2019CSE001', 'Final Test', 47, 50, '1005'),
('p1', '19CSE119', '2019CSE001', 'Test - 1', 25, 25, '1005'),
('p1', '19CSE119', '2019CSE001', 'Test - 2', 20, 25, '1005'),
('p2', '19CSE119', '2019CSE001', 'Assignment', 30, 30, '1002'),
('p2', '19CSE119', '2019CSE001', 'Final Exam', 52.5, 60, '1002'),
('p2', '19CSE119', '2019CSE001', 'Internal Test - 1', 41, 50, '1002'),
('p2', '19CSE119', '2019CSE001', 'Internal Test - 2', 32, 50, '1002'),
('p2', '19CSE119', '2019CSE001', 'Quiz 1&2 (Consolidated)', 12, 20, '1002'),
('p2', '19CSE119', '2019CSE001', 'Quiz 3,4,5&6 (Consolidated)', 35, 40, '1002'),
('p4', '19CSE119', '2019CSE001', 'Assignment ', 30, 30, '1006'),
('p4', '19CSE119', '2019CSE001', 'Final Exam', 32, 40, '1006'),
('p4', '19CSE119', '2019CSE001', 'Written Exam', 25, 30, '1006'),
('p5', '19CSE119', '2019CSE001', 'Consolidated Assessment', 60, 60, '1001'),
('p5', '19CSE119', '2019CSE001', 'Written Test - 1', 22, 50, 'VIVAN.RUDRA'),
('l1', '19CSE120', '2019CSE001', 'Final Exam', 41, 50, '1002'),
('l1', '19CSE120', '2019CSE001', 'Test - 1', 10, 10, '1002'),
('l1', '19CSE120', '2019CSE001', 'Test - 2', 9, 10, '1002'),
('l1', '19CSE120', '2019CSE001', 'Test - 3', 10, 10, '1002'),
('l1', '19CSE120', '2019CSE001', 'Test - 4', 10, 20, '1002'),
('l2', '19CSE120', '2019CSE001', 'Assignment - 1', 0.5, 10, '1003'),
('l2', '19CSE120', '2019CSE001', 'Final Assessment', 40, 50, '1003'),
('l2', '19CSE120', '2019CSE001', 'Internals (Consolidated)', 40, 50, '1003'),
('l5', '19CSE120', '2019CSE001', 'Internal Assessments (Consolidated experiments score)', 50, 50, '1004'),
('p1', '19CSE120', '2019CSE001', 'Final Test', 25.5, 50, '1005'),
('p1', '19CSE120', '2019CSE001', 'Test - 1', 22, 25, '1005'),
('p1', '19CSE120', '2019CSE001', 'Test - 2', 20, 25, '1005'),
('p2', '19CSE120', '2019CSE001', 'Assignment', 30, 30, '1002'),
('p2', '19CSE120', '2019CSE001', 'Final Exam', 50, 60, '1002'),
('p2', '19CSE120', '2019CSE001', 'Internal Test - 1', 40.5, 50, '1002'),
('p2', '19CSE120', '2019CSE001', 'Internal Test - 2', 33, 50, '1002'),
('p2', '19CSE120', '2019CSE001', 'Quiz 1&2 (Consolidated)', 12, 20, '1002'),
('p2', '19CSE120', '2019CSE001', 'Quiz 3,4,5&6 (Consolidated)', 39, 40, '1002'),
('p4', '19CSE120', '2019CSE001', 'Assignment ', 30, 30, '1006'),
('p4', '19CSE120', '2019CSE001', 'Final Exam', 35, 40, '1006'),
('p4', '19CSE120', '2019CSE001', 'Written Exam', 20, 30, '1006'),
('p5', '19CSE120', '2019CSE001', 'Consolidated Assessment', 49, 60, '1001'),
('p5', '19CSE120', '2019CSE001', 'Written Test - 1', 25, 50, 'VIVAN.RUDRA'),
('l1', '19CSE121', '2019CSE001', 'Final Exam', 42, 50, '1002'),
('l1', '19CSE121', '2019CSE001', 'Test - 1', 9, 10, '1002'),
('l1', '19CSE121', '2019CSE001', 'Test - 2', 9, 10, '1002'),
('l1', '19CSE121', '2019CSE001', 'Test - 3', 10, 10, '1002'),
('l1', '19CSE121', '2019CSE001', 'Test - 4', 10, 20, '1002'),
('l2', '19CSE121', '2019CSE001', 'Assignment - 1', 0.5, 10, '1003'),
('l2', '19CSE121', '2019CSE001', 'Final Assessment', 41, 50, '1003'),
('l2', '19CSE121', '2019CSE001', 'Internals (Consolidated)', 42, 50, '1003'),
('l5', '19CSE121', '2019CSE001', 'Internal Assessments (Consolidated experiments score)', 50, 50, '1004'),
('p1', '19CSE121', '2019CSE001', 'Final Test', 40, 50, '1005'),
('p1', '19CSE121', '2019CSE001', 'Test - 1', 23, 25, '1005'),
('p1', '19CSE121', '2019CSE001', 'Test - 2', 20, 25, '1005'),
('p2', '19CSE121', '2019CSE001', 'Assignment', 30, 30, '1002'),
('p2', '19CSE121', '2019CSE001', 'Final Exam', 53, 60, '1002'),
('p2', '19CSE121', '2019CSE001', 'Internal Test - 1', 36, 50, '1002'),
('p2', '19CSE121', '2019CSE001', 'Internal Test - 2', 41, 50, '1002'),
('p2', '19CSE121', '2019CSE001', 'Quiz 1&2 (Consolidated)', 18, 20, '1002'),
('p2', '19CSE121', '2019CSE001', 'Quiz 3,4,5&6 (Consolidated)', 30, 40, '1002'),
('p4', '19CSE121', '2019CSE001', 'Assignment ', 30, 30, '1006'),
('p4', '19CSE121', '2019CSE001', 'Final Exam', 34, 40, '1006'),
('p4', '19CSE121', '2019CSE001', 'Written Exam', 23, 30, '1006'),
('p5', '19CSE121', '2019CSE001', 'Consolidated Assessment', 46, 60, '1001'),
('p5', '19CSE121', '2019CSE001', 'Written Test - 1', 5, 50, 'VIVAN.RUDRA'),
('l1', '19CSE122', '2019CSE001', 'Final Exam', 43, 50, '1002'),
('l1', '19CSE122', '2019CSE001', 'Test - 1', 10, 10, '1002'),
('l1', '19CSE122', '2019CSE001', 'Test - 2', 9, 10, '1002'),
('l1', '19CSE122', '2019CSE001', 'Test - 3', 10, 10, '1002'),
('l1', '19CSE122', '2019CSE001', 'Test - 4', 9, 20, '1002'),
('l2', '19CSE122', '2019CSE001', 'Assignment - 1', 0.5, 10, '1003'),
('l2', '19CSE122', '2019CSE001', 'Final Assessment', 42, 50, '1003'),
('l2', '19CSE122', '2019CSE001', 'Internals (Consolidated)', 40, 50, '1003'),
('l5', '19CSE122', '2019CSE001', 'Internal Assessments (Consolidated experiments score)', 50, 50, '1004'),
('p1', '19CSE122', '2019CSE001', 'Final Test', 20, 50, '1005'),
('p1', '19CSE122', '2019CSE001', 'Test - 1', 19, 25, '1005'),
('p1', '19CSE122', '2019CSE001', 'Test - 2', 20, 25, '1005'),
('p2', '19CSE122', '2019CSE001', 'Assignment', 30, 30, '1002'),
('p2', '19CSE122', '2019CSE001', 'Final Exam', 54, 60, '1002'),
('p2', '19CSE122', '2019CSE001', 'Internal Test - 1', 38, 50, '1002'),
('p2', '19CSE122', '2019CSE001', 'Internal Test - 2', 41, 50, '1002'),
('p2', '19CSE122', '2019CSE001', 'Quiz 1&2 (Consolidated)', 14, 20, '1002'),
('p2', '19CSE122', '2019CSE001', 'Quiz 3,4,5&6 (Consolidated)', 39, 40, '1002'),
('p4', '19CSE122', '2019CSE001', 'Assignment ', 30, 30, '1006'),
('p4', '19CSE122', '2019CSE001', 'Final Exam', 24, 40, '1006'),
('p4', '19CSE122', '2019CSE001', 'Written Exam', 10, 30, '1006'),
('p5', '19CSE122', '2019CSE001', 'Consolidated Assessment', 43, 60, '1001'),
('p5', '19CSE122', '2019CSE001', 'Written Test - 1', 7, 50, 'VIVAN.RUDRA'),
('l1', '19CSE123', '2019CSE001', 'Final Exam', 47.5, 50, '1002'),
('l1', '19CSE123', '2019CSE001', 'Test - 1', 9, 10, '1002'),
('l1', '19CSE123', '2019CSE001', 'Test - 2', 9, 10, '1002'),
('l1', '19CSE123', '2019CSE001', 'Test - 3', 10, 10, '1002'),
('l1', '19CSE123', '2019CSE001', 'Test - 4', 10, 20, '1002'),
('l2', '19CSE123', '2019CSE001', 'Assignment - 1', 0.5, 10, '1003'),
('l2', '19CSE123', '2019CSE001', 'Final Assessment', 43, 50, '1003'),
('l2', '19CSE123', '2019CSE001', 'Internals (Consolidated)', 40, 50, '1003'),
('l5', '19CSE123', '2019CSE001', 'Internal Assessments (Consolidated experiments score)', 50, 50, '1004'),
('p1', '19CSE123', '2019CSE001', 'Final Test', 20, 50, '1005'),
('p1', '19CSE123', '2019CSE001', 'Test - 1', 25, 25, '1005'),
('p1', '19CSE123', '2019CSE001', 'Test - 2', 23, 25, '1005'),
('p2', '19CSE123', '2019CSE001', 'Assignment', 30, 30, '1002'),
('p2', '19CSE123', '2019CSE001', 'Final Exam', 56, 60, '1002'),
('p2', '19CSE123', '2019CSE001', 'Internal Test - 1', 39, 50, '1002'),
('p2', '19CSE123', '2019CSE001', 'Internal Test - 2', 30, 50, '1002'),
('p2', '19CSE123', '2019CSE001', 'Quiz 1&2 (Consolidated)', 18, 20, '1002'),
('p2', '19CSE123', '2019CSE001', 'Quiz 3,4,5&6 (Consolidated)', 38.5, 40, '1002'),
('p4', '19CSE123', '2019CSE001', 'Assignment ', 30, 30, '1006'),
('p4', '19CSE123', '2019CSE001', 'Final Exam', 25, 40, '1006'),
('p4', '19CSE123', '2019CSE001', 'Written Exam', 23, 30, '1006'),
('p5', '19CSE123', '2019CSE001', 'Consolidated Assessment', 42, 60, '1001'),
('p5', '19CSE123', '2019CSE001', 'Written Test - 1', 4, 50, 'VIVAN.RUDRA'),
('l1', '19CSE124', '2019CSE001', 'Final Exam', 45.5, 50, '1002'),
('l1', '19CSE124', '2019CSE001', 'Test - 1', 10, 10, '1002'),
('l1', '19CSE124', '2019CSE001', 'Test - 2', 9, 10, '1002'),
('l1', '19CSE124', '2019CSE001', 'Test - 3', 10, 10, '1002'),
('l1', '19CSE124', '2019CSE001', 'Test - 4', 9, 20, '1002'),
('l2', '19CSE124', '2019CSE001', 'Assignment - 1', 1, 10, '1003'),
('l2', '19CSE124', '2019CSE001', 'Final Assessment', 45, 50, '1003'),
('l2', '19CSE124', '2019CSE001', 'Internals (Consolidated)', 47, 50, '1003'),
('l5', '19CSE124', '2019CSE001', 'Internal Assessments (Consolidated experiments score)', 50, 50, '1004'),
('p1', '19CSE124', '2019CSE001', 'Final Test', 14, 50, '1005'),
('p1', '19CSE124', '2019CSE001', 'Test - 1', 21, 25, '1005'),
('p1', '19CSE124', '2019CSE001', 'Test - 2', 25, 25, '1005'),
('p2', '19CSE124', '2019CSE001', 'Assignment', 30, 30, '1002'),
('p2', '19CSE124', '2019CSE001', 'Final Exam', 57, 60, '1002'),
('p2', '19CSE124', '2019CSE001', 'Internal Test - 1', 39, 50, '1002'),
('p2', '19CSE124', '2019CSE001', 'Internal Test - 2', 20, 50, '1002'),
('p2', '19CSE124', '2019CSE001', 'Quiz 1&2 (Consolidated)', 14, 20, '1002'),
('p2', '19CSE124', '2019CSE001', 'Quiz 3,4,5&6 (Consolidated)', 35, 40, '1002'),
('p4', '19CSE124', '2019CSE001', 'Assignment ', 30, 30, '1006'),
('p4', '19CSE124', '2019CSE001', 'Final Exam', 21, 40, '1006'),
('p4', '19CSE124', '2019CSE001', 'Written Exam', 25, 30, '1006'),
('p5', '19CSE124', '2019CSE001', 'Consolidated Assessment', 34, 60, '1001'),
('p5', '19CSE124', '2019CSE001', 'Written Test - 1', 12, 50, 'VIVAN.RUDRA'),
('l1', '19CSE125', '2019CSE001', 'Final Exam', 42, 50, '1002'),
('l1', '19CSE125', '2019CSE001', 'Test - 1', 10, 10, '1002'),
('l1', '19CSE125', '2019CSE001', 'Test - 2', 9, 10, '1002'),
('l1', '19CSE125', '2019CSE001', 'Test - 3', 9, 10, '1002'),
('l1', '19CSE125', '2019CSE001', 'Test - 4', 20, 20, '1002'),
('l2', '19CSE125', '2019CSE001', 'Assignment - 1', 0.5, 10, '1003'),
('l2', '19CSE125', '2019CSE001', 'Final Assessment', 42.5, 50, '1003'),
('l2', '19CSE125', '2019CSE001', 'Internals (Consolidated)', 40, 50, '1003'),
('l5', '19CSE125', '2019CSE001', 'Internal Assessments (Consolidated experiments score)', 50, 50, '1004'),
('p1', '19CSE125', '2019CSE001', 'Final Test', 47, 50, '1005'),
('p1', '19CSE125', '2019CSE001', 'Test - 1', 20.5, 25, '1005'),
('p1', '19CSE125', '2019CSE001', 'Test - 2', 20, 25, '1005'),
('p2', '19CSE125', '2019CSE001', 'Assignment', 21.5, 30, '1002'),
('p2', '19CSE125', '2019CSE001', 'Final Exam', 52, 60, '1002'),
('p2', '19CSE125', '2019CSE001', 'Internal Test - 1', 40.5, 50, '1002'),
('p2', '19CSE125', '2019CSE001', 'Internal Test - 2', 32, 50, '1002'),
('p2', '19CSE125', '2019CSE001', 'Quiz 1&2 (Consolidated)', 13, 20, '1002'),
('p2', '19CSE125', '2019CSE001', 'Quiz 3,4,5&6 (Consolidated)', 34.5, 40, '1002'),
('p4', '19CSE125', '2019CSE001', 'Assignment ', 30, 30, '1006'),
('p4', '19CSE125', '2019CSE001', 'Final Exam', 27, 40, '1006'),
('p4', '19CSE125', '2019CSE001', 'Written Exam', 24, 30, '1006'),
('p5', '19CSE125', '2019CSE001', 'Consolidated Assessment', 33, 60, '1001'),
('p5', '19CSE125', '2019CSE001', 'Written Test - 1', 5, 50, 'VIVAN.RUDRA'),
('l1', '19CSE126', '2019CSE001', 'Final Exam', 14, 50, '1002'),
('l1', '19CSE126', '2019CSE001', 'Test - 1', 10, 10, '1002'),
('l1', '19CSE126', '2019CSE001', 'Test - 2', 9, 10, '1002'),
('l1', '19CSE126', '2019CSE001', 'Test - 3', 9, 10, '1002'),
('l1', '19CSE126', '2019CSE001', 'Test - 4', 19, 20, '1002'),
('l2', '19CSE126', '2019CSE001', 'Assignment - 1', 0.5, 10, '1003'),
('l2', '19CSE126', '2019CSE001', 'Final Assessment', 42, 50, '1003'),
('l2', '19CSE126', '2019CSE001', 'Internals (Consolidated)', 40, 50, '1003'),
('l5', '19CSE126', '2019CSE001', 'Internal Assessments (Consolidated experiments score)', 50, 50, '1004'),
('p1', '19CSE126', '2019CSE001', 'Final Test', 43, 50, '1005'),
('p1', '19CSE126', '2019CSE001', 'Test - 1', 20, 25, '1005'),
('p1', '19CSE126', '2019CSE001', 'Test - 2', 21, 25, '1005'),
('p2', '19CSE126', '2019CSE001', 'Assignment', 30, 30, '1002'),
('p2', '19CSE126', '2019CSE001', 'Final Exam', 40, 60, '1002'),
('p2', '19CSE126', '2019CSE001', 'Internal Test - 1', 42.5, 50, '1002'),
('p2', '19CSE126', '2019CSE001', 'Internal Test - 2', 38, 50, '1002'),
('p2', '19CSE126', '2019CSE001', 'Quiz 1&2 (Consolidated)', 19, 20, '1002'),
('p2', '19CSE126', '2019CSE001', 'Quiz 3,4,5&6 (Consolidated)', 34, 40, '1002'),
('p4', '19CSE126', '2019CSE001', 'Assignment ', 30, 30, '1006'),
('p4', '19CSE126', '2019CSE001', 'Final Exam', 29.5, 40, '1006'),
('p4', '19CSE126', '2019CSE001', 'Written Exam', 28, 30, '1006'),
('p5', '19CSE126', '2019CSE001', 'Consolidated Assessment', 60, 60, '1001'),
('p5', '19CSE126', '2019CSE001', 'Written Test - 1', 2, 50, 'VIVAN.RUDRA'),
('l1', '19CSE127', '2019CSE001', 'Final Exam', 0, 50, '1002'),
('l1', '19CSE127', '2019CSE001', 'Test - 1', 8.5, 10, '1002'),
('l1', '19CSE127', '2019CSE001', 'Test - 2', 9, 10, '1002'),
('l1', '19CSE127', '2019CSE001', 'Test - 3', 8, 10, '1002'),
('l1', '19CSE127', '2019CSE001', 'Test - 4', 18.5, 20, '1002'),
('l2', '19CSE127', '2019CSE001', 'Assignment - 1', 0.5, 10, '1003'),
('l2', '19CSE127', '2019CSE001', 'Final Assessment', 45.5, 50, '1003'),
('l2', '19CSE127', '2019CSE001', 'Internals (Consolidated)', 41, 50, '1003'),
('l5', '19CSE127', '2019CSE001', 'Internal Assessments (Consolidated experiments score)', 50, 50, '1004'),
('p1', '19CSE127', '2019CSE001', 'Final Test', 39, 50, '1005'),
('p1', '19CSE127', '2019CSE001', 'Test - 1', 23.5, 25, '1005'),
('p1', '19CSE127', '2019CSE001', 'Test - 2', 24.5, 25, '1005'),
('p2', '19CSE127', '2019CSE001', 'Assignment', 30, 30, '1002'),
('p2', '19CSE127', '2019CSE001', 'Final Exam', 30, 60, '1002'),
('p2', '19CSE127', '2019CSE001', 'Internal Test - 1', 48, 50, '1002'),
('p2', '19CSE127', '2019CSE001', 'Internal Test - 2', 31, 50, '1002'),
('p2', '19CSE127', '2019CSE001', 'Quiz 1&2 (Consolidated)', 10, 20, '1002'),
('p2', '19CSE127', '2019CSE001', 'Quiz 3,4,5&6 (Consolidated)', 37, 40, '1002'),
('p4', '19CSE127', '2019CSE001', 'Assignment ', 30, 30, '1006'),
('p4', '19CSE127', '2019CSE001', 'Final Exam', 28.5, 40, '1006'),
('p4', '19CSE127', '2019CSE001', 'Written Exam', 26, 30, '1006'),
('p5', '19CSE127', '2019CSE001', 'Consolidated Assessment', 59, 60, '1001'),
('p5', '19CSE127', '2019CSE001', 'Written Test - 1', 32, 50, 'VIVAN.RUDRA'),
('l1', '19CSE128', '2019CSE001', 'Final Exam', 47, 50, '1002'),
('l1', '19CSE128', '2019CSE001', 'Test - 1', 10, 10, '1002'),
('l1', '19CSE128', '2019CSE001', 'Test - 2', 9, 10, '1002'),
('l1', '19CSE128', '2019CSE001', 'Test - 3', 7, 10, '1002'),
('l1', '19CSE128', '2019CSE001', 'Test - 4', 10, 20, '1002'),
('l2', '19CSE128', '2019CSE001', 'Assignment - 1', 0.5, 10, '1003'),
('l2', '19CSE128', '2019CSE001', 'Final Assessment', 45, 50, '1003'),
('l2', '19CSE128', '2019CSE001', 'Internals (Consolidated)', 40, 50, '1003'),
('l5', '19CSE128', '2019CSE001', 'Internal Assessments (Consolidated experiments score)', 50, 50, '1004'),
('p1', '19CSE128', '2019CSE001', 'Final Test', 36.5, 50, '1005'),
('p1', '19CSE128', '2019CSE001', 'Test - 1', 24, 25, '1005'),
('p1', '19CSE128', '2019CSE001', 'Test - 2', 22.5, 25, '1005'),
('p2', '19CSE128', '2019CSE001', 'Assignment', 30, 30, '1002'),
('p2', '19CSE128', '2019CSE001', 'Final Exam', 30, 60, '1002'),
('p2', '19CSE128', '2019CSE001', 'Internal Test - 1', 47, 50, '1002'),
('p2', '19CSE128', '2019CSE001', 'Internal Test - 2', 25.5, 50, '1002'),
('p2', '19CSE128', '2019CSE001', 'Quiz 1&2 (Consolidated)', 5, 20, '1002'),
('p2', '19CSE128', '2019CSE001', 'Quiz 3,4,5&6 (Consolidated)', 32, 40, '1002'),
('p4', '19CSE128', '2019CSE001', 'Assignment ', 30, 30, '1006'),
('p4', '19CSE128', '2019CSE001', 'Final Exam', 24.5, 40, '1006'),
('p4', '19CSE128', '2019CSE001', 'Written Exam', 23, 30, '1006'),
('p5', '19CSE128', '2019CSE001', 'Consolidated Assessment', 50, 60, '1001'),
('p5', '19CSE128', '2019CSE001', 'Written Test - 1', 36, 50, 'VIVAN.RUDRA'),
('l1', '19CSE129', '2019CSE001', 'Final Exam', 48.5, 50, '1002'),
('l1', '19CSE129', '2019CSE001', 'Test - 1', 10, 10, '1002'),
('l1', '19CSE129', '2019CSE001', 'Test - 2', 9, 10, '1002'),
('l1', '19CSE129', '2019CSE001', 'Test - 3', 9.5, 10, '1002'),
('l1', '19CSE129', '2019CSE001', 'Test - 4', 10.5, 20, '1002'),
('l2', '19CSE129', '2019CSE001', 'Assignment - 1', 0.5, 10, '1003'),
('l2', '19CSE129', '2019CSE001', 'Final Assessment', 47, 50, '1003'),
('l2', '19CSE129', '2019CSE001', 'Internals (Consolidated)', 40, 50, '1003'),
('l5', '19CSE129', '2019CSE001', 'Internal Assessments (Consolidated experiments score)', 50, 50, '1004'),
('p1', '19CSE129', '2019CSE001', 'Final Test', 37.5, 50, '1005'),
('p1', '19CSE129', '2019CSE001', 'Test - 1', 21, 25, '1005'),
('p1', '19CSE129', '2019CSE001', 'Test - 2', 23.5, 25, '1005'),
('p2', '19CSE129', '2019CSE001', 'Assignment', 30, 30, '1002'),
('p2', '19CSE129', '2019CSE001', 'Final Exam', 50, 60, '1002'),
('p2', '19CSE129', '2019CSE001', 'Internal Test - 1', 27, 50, '1002'),
('p2', '19CSE129', '2019CSE001', 'Internal Test - 2', 30.5, 50, '1002'),
('p2', '19CSE129', '2019CSE001', 'Quiz 1&2 (Consolidated)', 0, 20, '1002'),
('p2', '19CSE129', '2019CSE001', 'Quiz 3,4,5&6 (Consolidated)', 31, 40, '1002'),
('p4', '19CSE129', '2019CSE001', 'Assignment ', 30, 30, '1006'),
('p4', '19CSE129', '2019CSE001', 'Final Exam', 30.5, 40, '1006'),
('p4', '19CSE129', '2019CSE001', 'Written Exam', 24, 30, '1006'),
('p5', '19CSE129', '2019CSE001', 'Consolidated Assessment', 50, 60, '1001'),
('p5', '19CSE129', '2019CSE001', 'Written Test - 1', 36, 50, 'VIVAN.RUDRA'),
('l1', '19CSE130', '2019CSE001', 'Final Exam', 49, 50, '1002'),
('l1', '19CSE130', '2019CSE001', 'Test - 1', 8, 10, '1002'),
('l1', '19CSE130', '2019CSE001', 'Test - 2', 10, 10, '1002'),
('l1', '19CSE130', '2019CSE001', 'Test - 3', 10, 10, '1002'),
('l1', '19CSE130', '2019CSE001', 'Test - 4', 19, 20, '1002'),
('l2', '19CSE130', '2019CSE001', 'Assignment - 1', 0.5, 10, '1003'),
('l2', '19CSE130', '2019CSE001', 'Final Assessment', 48, 50, '1003'),
('l2', '19CSE130', '2019CSE001', 'Internals (Consolidated)', 40, 50, '1003'),
('l5', '19CSE130', '2019CSE001', 'Internal Assessments (Consolidated experiments score)', 50, 50, '1004'),
('p1', '19CSE130', '2019CSE001', 'Final Test', 38.5, 50, '1005'),
('p1', '19CSE130', '2019CSE001', 'Test - 1', 23, 25, '1005'),
('p1', '19CSE130', '2019CSE001', 'Test - 2', 21, 25, '1005'),
('p2', '19CSE130', '2019CSE001', 'Assignment', 30, 30, '1002'),
('p2', '19CSE130', '2019CSE001', 'Final Exam', 46.5, 60, '1002'),
('p2', '19CSE130', '2019CSE001', 'Internal Test - 1', 39, 50, '1002'),
('p2', '19CSE130', '2019CSE001', 'Internal Test - 2', 2.5, 50, '1002'),
('p2', '19CSE130', '2019CSE001', 'Quiz 1&2 (Consolidated)', 19.5, 20, '1002'),
('p2', '19CSE130', '2019CSE001', 'Quiz 3,4,5&6 (Consolidated)', 38, 40, '1002'),
('p4', '19CSE130', '2019CSE001', 'Assignment ', 30, 30, '1006'),
('p4', '19CSE130', '2019CSE001', 'Final Exam', 39, 40, '1006'),
('p4', '19CSE130', '2019CSE001', 'Written Exam', 27.5, 30, '1006'),
('p5', '19CSE130', '2019CSE001', 'Consolidated Assessment', 47, 60, '1001'),
('p5', '19CSE130', '2019CSE001', 'Written Test - 1', 36, 50, 'VIVAN.RUDRA'),
('l1', '19CSE131', '2019CSE002', 'Final Assessment', 41, 50, '1006'),
('l1', '19CSE131', '2019CSE002', 'Internal Assessments 1-10 (Consolidated Score)', 97, 100, '1006'),
('l1', '19CSE131', '2019CSE002', 'Internals (Consolidated)', 47, 50, '1006'),
('l2', '19CSE131', '2019CSE002', 'Lab Final Exam', 49, 50, '1002'),
('l2', '19CSE131', '2019CSE002', 'Test - 1', 10, 10, '1002'),
('l2', '19CSE131', '2019CSE002', 'Test - 2', 10, 10, '1002'),
('l2', '19CSE131', '2019CSE002', 'Test - 3', 10, 10, '1002'),
('l2', '19CSE131', '2019CSE002', 'Test - 4', 19, 20, '1002'),
('p1', '19CSE131', '2019CSE002', 'Final Exam', 98, 100, '1002'),
('p1', '19CSE131', '2019CSE002', 'Internal Test - 1', 50, 50, '1002'),
('p1', '19CSE131', '2019CSE002', 'Internal Test - 2', 41.5, 50, '1002'),
('p1', '19CSE131', '2019CSE002', 'Quiz 1-6 (Consolidated)', 41, 50, '1002'),
('p5', '19CSE131', '2019CSE002', 'Final Written Test (FWT)', 39, 40, '1003'),
('p5', '19CSE131', '2019CSE002', 'Internal Tests (Consolidated)', 22.5, 30, '1003'),
('p5', '19CSE131', '2019CSE002', 'Quizzes (Consolidated)', 30, 30, '1003'),
('l1', '19CSE132', '2019CSE002', 'Final Assessment', 45, 50, '1006'),
('l1', '19CSE132', '2019CSE002', 'Internal Assessments 1-10 (Consolidated Score)', 91, 100, '1006'),
('l1', '19CSE132', '2019CSE002', 'Internals (Consolidated)', 47, 50, '1006'),
('l2', '19CSE132', '2019CSE002', 'Lab Final Exam', 48, 50, '1002'),
('l2', '19CSE132', '2019CSE002', 'Test - 1', 10, 10, '1002'),
('l2', '19CSE132', '2019CSE002', 'Test - 2', 10, 10, '1002'),
('l2', '19CSE132', '2019CSE002', 'Test - 3', 10, 10, '1002'),
('l2', '19CSE132', '2019CSE002', 'Test - 4', 19, 20, '1002'),
('p1', '19CSE132', '2019CSE002', 'Final Exam', 96, 100, '1002'),
('p1', '19CSE132', '2019CSE002', 'Internal Test - 1', 50, 50, '1002'),
('p1', '19CSE132', '2019CSE002', 'Internal Test - 2', 41, 50, '1002'),
('p1', '19CSE132', '2019CSE002', 'Quiz 1-6 (Consolidated)', 41, 50, '1002'),
('p5', '19CSE132', '2019CSE002', 'Final Written Test (FWT)', 39, 40, '1003'),
('p5', '19CSE132', '2019CSE002', 'Internal Tests (Consolidated)', 20, 30, '1003'),
('p5', '19CSE132', '2019CSE002', 'Quizzes (Consolidated)', 30, 30, '1003'),
('l1', '19CSE133', '2019CSE002', 'Final Assessment', 41, 50, '1006'),
('l1', '19CSE133', '2019CSE002', 'Internal Assessments 1-10 (Consolidated Score)', 94, 100, '1006'),
('l1', '19CSE133', '2019CSE002', 'Internals (Consolidated)', 48, 50, '1006'),
('l2', '19CSE133', '2019CSE002', 'Lab Final Exam', 49, 50, '1002'),
('l2', '19CSE133', '2019CSE002', 'Test - 1', 10, 10, '1002'),
('l2', '19CSE133', '2019CSE002', 'Test - 2', 10, 10, '1002'),
('l2', '19CSE133', '2019CSE002', 'Test - 3', 10, 10, '1002'),
('l2', '19CSE133', '2019CSE002', 'Test - 4', 19, 20, '1002'),
('p1', '19CSE133', '2019CSE002', 'Final Exam', 95, 100, '1002'),
('p1', '19CSE133', '2019CSE002', 'Internal Test - 1', 40, 50, '1002'),
('p1', '19CSE133', '2019CSE002', 'Internal Test - 2', 25, 50, '1002'),
('p1', '19CSE133', '2019CSE002', 'Quiz 1-6 (Consolidated)', 47, 50, '1002'),
('p5', '19CSE133', '2019CSE002', 'Final Written Test (FWT)', 39, 40, '1003'),
('p5', '19CSE133', '2019CSE002', 'Internal Tests (Consolidated)', 25, 30, '1003');
INSERT INTO `marks` (`slot`, `id`, `groupname`, `testname`, `mark`, `totalmark`, `facid`) VALUES
('p5', '19CSE133', '2019CSE002', 'Quizzes (Consolidated)', 30, 30, '1003'),
('l1', '19CSE134', '2019CSE002', 'Final Assessment', 44, 50, '1006'),
('l1', '19CSE134', '2019CSE002', 'Internal Assessments 1-10 (Consolidated Score)', 96, 100, '1006'),
('l1', '19CSE134', '2019CSE002', 'Internals (Consolidated)', 47, 50, '1006'),
('l2', '19CSE134', '2019CSE002', 'Lab Final Exam', 30, 50, '1002'),
('l2', '19CSE134', '2019CSE002', 'Test - 1', 10, 10, '1002'),
('l2', '19CSE134', '2019CSE002', 'Test - 2', 10, 10, '1002'),
('l2', '19CSE134', '2019CSE002', 'Test - 3', 10, 10, '1002'),
('l2', '19CSE134', '2019CSE002', 'Test - 4', 19, 20, '1002'),
('p1', '19CSE134', '2019CSE002', 'Final Exam', 94, 100, '1002'),
('p1', '19CSE134', '2019CSE002', 'Internal Test - 1', 40, 50, '1002'),
('p1', '19CSE134', '2019CSE002', 'Internal Test - 2', 23, 50, '1002'),
('p1', '19CSE134', '2019CSE002', 'Quiz 1-6 (Consolidated)', 48, 50, '1002'),
('p5', '19CSE134', '2019CSE002', 'Final Written Test (FWT)', 38, 40, '1003'),
('p5', '19CSE134', '2019CSE002', 'Internal Tests (Consolidated)', 30, 30, '1003'),
('p5', '19CSE134', '2019CSE002', 'Quizzes (Consolidated)', 30, 30, '1003'),
('l1', '19CSE135', '2019CSE002', 'Final Assessment', 42, 50, '1006'),
('l1', '19CSE135', '2019CSE002', 'Internal Assessments 1-10 (Consolidated Score)', 98, 100, '1006'),
('l1', '19CSE135', '2019CSE002', 'Internals (Consolidated)', 45, 50, '1006'),
('l2', '19CSE135', '2019CSE002', 'Lab Final Exam', 35, 50, '1002'),
('l2', '19CSE135', '2019CSE002', 'Test - 1', 10, 10, '1002'),
('l2', '19CSE135', '2019CSE002', 'Test - 2', 10, 10, '1002'),
('l2', '19CSE135', '2019CSE002', 'Test - 3', 10, 10, '1002'),
('l2', '19CSE135', '2019CSE002', 'Test - 4', 15, 20, '1002'),
('p1', '19CSE135', '2019CSE002', 'Final Exam', 85, 100, '1002'),
('p1', '19CSE135', '2019CSE002', 'Internal Test - 1', 30, 50, '1002'),
('p1', '19CSE135', '2019CSE002', 'Internal Test - 2', 26, 50, '1002'),
('p1', '19CSE135', '2019CSE002', 'Quiz 1-6 (Consolidated)', 49, 50, '1002'),
('p5', '19CSE135', '2019CSE002', 'Final Written Test (FWT)', 39, 40, '1003'),
('p5', '19CSE135', '2019CSE002', 'Internal Tests (Consolidated)', 28, 30, '1003'),
('p5', '19CSE135', '2019CSE002', 'Quizzes (Consolidated)', 29, 30, '1003'),
('l1', '19CSE136', '2019CSE002', 'Final Assessment', 43, 50, '1006'),
('l1', '19CSE136', '2019CSE002', 'Internal Assessments 1-10 (Consolidated Score)', 95, 100, '1006'),
('l1', '19CSE136', '2019CSE002', 'Internals (Consolidated)', 47, 50, '1006'),
('l2', '19CSE136', '2019CSE002', 'Lab Final Exam', 36, 50, '1002'),
('l2', '19CSE136', '2019CSE002', 'Test - 1', 10, 10, '1002'),
('l2', '19CSE136', '2019CSE002', 'Test - 2', 10, 10, '1002'),
('l2', '19CSE136', '2019CSE002', 'Test - 3', 10, 10, '1002'),
('l2', '19CSE136', '2019CSE002', 'Test - 4', 19, 20, '1002'),
('p1', '19CSE136', '2019CSE002', 'Final Exam', 87, 100, '1002'),
('p1', '19CSE136', '2019CSE002', 'Internal Test - 1', 40, 50, '1002'),
('p1', '19CSE136', '2019CSE002', 'Internal Test - 2', 25, 50, '1002'),
('p1', '19CSE136', '2019CSE002', 'Quiz 1-6 (Consolidated)', 47, 50, '1002'),
('p5', '19CSE136', '2019CSE002', 'Final Written Test (FWT)', 37, 40, '1003'),
('p5', '19CSE136', '2019CSE002', 'Internal Tests (Consolidated)', 27, 30, '1003'),
('p5', '19CSE136', '2019CSE002', 'Quizzes (Consolidated)', 25, 30, '1003'),
('l1', '19CSE137', '2019CSE002', 'Final Assessment', 47, 50, '1006'),
('l1', '19CSE137', '2019CSE002', 'Internal Assessments 1-10 (Consolidated Score)', 92, 100, '1006'),
('l1', '19CSE137', '2019CSE002', 'Internals (Consolidated)', 42, 50, '1006'),
('l2', '19CSE137', '2019CSE002', 'Lab Final Exam', 32, 50, '1002'),
('l2', '19CSE137', '2019CSE002', 'Test - 1', 10, 10, '1002'),
('l2', '19CSE137', '2019CSE002', 'Test - 2', 10, 10, '1002'),
('l2', '19CSE137', '2019CSE002', 'Test - 3', 10, 10, '1002'),
('l2', '19CSE137', '2019CSE002', 'Test - 4', 18, 20, '1002'),
('p1', '19CSE137', '2019CSE002', 'Final Exam', 85, 100, '1002'),
('p1', '19CSE137', '2019CSE002', 'Internal Test - 1', 25, 50, '1002'),
('p1', '19CSE137', '2019CSE002', 'Internal Test - 2', 24, 50, '1002'),
('p1', '19CSE137', '2019CSE002', 'Quiz 1-6 (Consolidated)', 48, 50, '1002'),
('p5', '19CSE137', '2019CSE002', 'Final Written Test (FWT)', 39, 40, '1003'),
('p5', '19CSE137', '2019CSE002', 'Internal Tests (Consolidated)', 25, 30, '1003'),
('p5', '19CSE137', '2019CSE002', 'Quizzes (Consolidated)', 28, 30, '1003'),
('l1', '19CSE138', '2019CSE002', 'Final Assessment', 47, 50, '1006'),
('l1', '19CSE138', '2019CSE002', 'Internal Assessments 1-10 (Consolidated Score)', 93, 100, '1006'),
('l1', '19CSE138', '2019CSE002', 'Internals (Consolidated)', 44, 50, '1006'),
('l2', '19CSE138', '2019CSE002', 'Lab Final Exam', 39, 50, '1002'),
('l2', '19CSE138', '2019CSE002', 'Test - 1', 10, 10, '1002'),
('l2', '19CSE138', '2019CSE002', 'Test - 2', 10, 10, '1002'),
('l2', '19CSE138', '2019CSE002', 'Test - 3', 10, 10, '1002'),
('l2', '19CSE138', '2019CSE002', 'Test - 4', 19, 20, '1002'),
('p1', '19CSE138', '2019CSE002', 'Final Exam', 84, 100, '1002'),
('p1', '19CSE138', '2019CSE002', 'Internal Test - 1', 41, 50, '1002'),
('p1', '19CSE138', '2019CSE002', 'Internal Test - 2', 28, 50, '1002'),
('p1', '19CSE138', '2019CSE002', 'Quiz 1-6 (Consolidated)', 48, 50, '1002'),
('p5', '19CSE138', '2019CSE002', 'Final Written Test (FWT)', 39, 40, '1003'),
('p5', '19CSE138', '2019CSE002', 'Internal Tests (Consolidated)', 24, 30, '1003'),
('p5', '19CSE138', '2019CSE002', 'Quizzes (Consolidated)', 30, 30, '1003'),
('l1', '19CSE139', '2019CSE002', 'Final Assessment', 47, 50, '1006'),
('l1', '19CSE139', '2019CSE002', 'Internal Assessments 1-10 (Consolidated Score)', 97, 100, '1006'),
('l1', '19CSE139', '2019CSE002', 'Internals (Consolidated)', 41, 50, '1006'),
('l2', '19CSE139', '2019CSE002', 'Lab Final Exam', 36, 50, '1002'),
('l2', '19CSE139', '2019CSE002', 'Test - 1', 10, 10, '1002'),
('l2', '19CSE139', '2019CSE002', 'Test - 2', 10, 10, '1002'),
('l2', '19CSE139', '2019CSE002', 'Test - 3', 10, 10, '1002'),
('l2', '19CSE139', '2019CSE002', 'Test - 4', 19, 20, '1002'),
('p1', '19CSE139', '2019CSE002', 'Final Exam', 74, 100, '1002'),
('p1', '19CSE139', '2019CSE002', 'Internal Test - 1', 47, 50, '1002'),
('p1', '19CSE139', '2019CSE002', 'Internal Test - 2', 29, 50, '1002'),
('p1', '19CSE139', '2019CSE002', 'Quiz 1-6 (Consolidated)', 48, 50, '1002'),
('p5', '19CSE139', '2019CSE002', 'Final Written Test (FWT)', 37.5, 40, '1003'),
('p5', '19CSE139', '2019CSE002', 'Internal Tests (Consolidated)', 29, 30, '1003'),
('p5', '19CSE139', '2019CSE002', 'Quizzes (Consolidated)', 30, 30, '1003'),
('l1', '19CSE140', '2019CSE002', 'Final Assessment', 47, 50, '1006'),
('l1', '19CSE140', '2019CSE002', 'Internal Assessments 1-10 (Consolidated Score)', 94, 100, '1006'),
('l1', '19CSE140', '2019CSE002', 'Internals (Consolidated)', 43, 50, '1006'),
('l2', '19CSE140', '2019CSE002', 'Lab Final Exam', 38, 50, '1002'),
('l2', '19CSE140', '2019CSE002', 'Test - 1', 10, 10, '1002'),
('l2', '19CSE140', '2019CSE002', 'Test - 2', 10, 10, '1002'),
('l2', '19CSE140', '2019CSE002', 'Test - 3', 10, 10, '1002'),
('l2', '19CSE140', '2019CSE002', 'Test - 4', 18, 20, '1002'),
('p1', '19CSE140', '2019CSE002', 'Final Exam', 77, 100, '1002'),
('p1', '19CSE140', '2019CSE002', 'Internal Test - 1', 28, 50, '1002'),
('p1', '19CSE140', '2019CSE002', 'Internal Test - 2', 27, 50, '1002'),
('p1', '19CSE140', '2019CSE002', 'Quiz 1-6 (Consolidated)', 48, 50, '1002'),
('p5', '19CSE140', '2019CSE002', 'Final Written Test (FWT)', 35, 40, '1003'),
('p5', '19CSE140', '2019CSE002', 'Internal Tests (Consolidated)', 26, 30, '1003'),
('p5', '19CSE140', '2019CSE002', 'Quizzes (Consolidated)', 28.5, 30, '1003'),
('l1', '19CSE141', '2019CSE002', 'Final Assessment', 47, 50, '1006'),
('l1', '19CSE141', '2019CSE002', 'Internal Assessments 1-10 (Consolidated Score)', 97.5, 100, '1006'),
('l1', '19CSE141', '2019CSE002', 'Internals (Consolidated)', 45, 50, '1006'),
('l2', '19CSE141', '2019CSE002', 'Lab Final Exam', 32, 50, '1002'),
('l2', '19CSE141', '2019CSE002', 'Test - 1', 10, 10, '1002'),
('l2', '19CSE141', '2019CSE002', 'Test - 2', 10, 10, '1002'),
('l2', '19CSE141', '2019CSE002', 'Test - 3', 10, 10, '1002'),
('l2', '19CSE141', '2019CSE002', 'Test - 4', 19, 20, '1002'),
('p1', '19CSE141', '2019CSE002', 'Final Exam', 56, 100, '1002'),
('p1', '19CSE141', '2019CSE002', 'Internal Test - 1', 36, 50, '1002'),
('p1', '19CSE141', '2019CSE002', 'Internal Test - 2', 27, 50, '1002'),
('p1', '19CSE141', '2019CSE002', 'Quiz 1-6 (Consolidated)', 47, 50, '1002'),
('p5', '19CSE141', '2019CSE002', 'Final Written Test (FWT)', 38.5, 40, '1003'),
('p5', '19CSE141', '2019CSE002', 'Internal Tests (Consolidated)', 28, 30, '1003'),
('p5', '19CSE141', '2019CSE002', 'Quizzes (Consolidated)', 30, 30, '1003'),
('l1', '19CSE142', '2019CSE002', 'Final Assessment', 45, 50, '1006'),
('l1', '19CSE142', '2019CSE002', 'Internal Assessments 1-10 (Consolidated Score)', 98, 100, '1006'),
('l1', '19CSE142', '2019CSE002', 'Internals (Consolidated)', 47, 50, '1006'),
('l2', '19CSE142', '2019CSE002', 'Lab Final Exam', 34, 50, '1002'),
('l2', '19CSE142', '2019CSE002', 'Test - 1', 10, 10, '1002'),
('l2', '19CSE142', '2019CSE002', 'Test - 2', 10, 10, '1002'),
('l2', '19CSE142', '2019CSE002', 'Test - 3', 10, 10, '1002'),
('l2', '19CSE142', '2019CSE002', 'Test - 4', 17, 20, '1002'),
('p1', '19CSE142', '2019CSE002', 'Final Exam', 84, 100, '1002'),
('p1', '19CSE142', '2019CSE002', 'Internal Test - 1', 34, 50, '1002'),
('p1', '19CSE142', '2019CSE002', 'Internal Test - 2', 25, 50, '1002'),
('p1', '19CSE142', '2019CSE002', 'Quiz 1-6 (Consolidated)', 49, 50, '1002'),
('p5', '19CSE142', '2019CSE002', 'Final Written Test (FWT)', 39, 40, '1003'),
('p5', '19CSE142', '2019CSE002', 'Internal Tests (Consolidated)', 25, 30, '1003'),
('p5', '19CSE142', '2019CSE002', 'Quizzes (Consolidated)', 30, 30, '1003'),
('l1', '19CSE143', '2019CSE002', 'Final Assessment', 46, 50, '1006'),
('l1', '19CSE143', '2019CSE002', 'Internal Assessments 1-10 (Consolidated Score)', 96, 100, '1006'),
('l1', '19CSE143', '2019CSE002', 'Internals (Consolidated)', 46, 50, '1006'),
('l2', '19CSE143', '2019CSE002', 'Lab Final Exam', 35, 50, '1002'),
('l2', '19CSE143', '2019CSE002', 'Test - 1', 10, 10, '1002'),
('l2', '19CSE143', '2019CSE002', 'Test - 2', 10, 10, '1002'),
('l2', '19CSE143', '2019CSE002', 'Test - 3', 10, 10, '1002'),
('l2', '19CSE143', '2019CSE002', 'Test - 4', 19, 20, '1002'),
('p1', '19CSE143', '2019CSE002', 'Final Exam', 72, 100, '1002'),
('p1', '19CSE143', '2019CSE002', 'Internal Test - 1', 35, 50, '1002'),
('p1', '19CSE143', '2019CSE002', 'Internal Test - 2', 24, 50, '1002'),
('p1', '19CSE143', '2019CSE002', 'Quiz 1-6 (Consolidated)', 47, 50, '1002'),
('p5', '19CSE143', '2019CSE002', 'Final Written Test (FWT)', 39, 40, '1003'),
('p5', '19CSE143', '2019CSE002', 'Internal Tests (Consolidated)', 24, 30, '1003'),
('p5', '19CSE143', '2019CSE002', 'Quizzes (Consolidated)', 20, 30, '1003'),
('l1', '19CSE144', '2019CSE002', 'Final Assessment', 48, 50, '1006'),
('l1', '19CSE144', '2019CSE002', 'Internal Assessments 1-10 (Consolidated Score)', 95, 100, '1006'),
('l1', '19CSE144', '2019CSE002', 'Internals (Consolidated)', 49, 50, '1006'),
('l2', '19CSE144', '2019CSE002', 'Lab Final Exam', 36, 50, '1002'),
('l2', '19CSE144', '2019CSE002', 'Test - 1', 10, 10, '1002'),
('l2', '19CSE144', '2019CSE002', 'Test - 2', 10, 10, '1002'),
('l2', '19CSE144', '2019CSE002', 'Test - 3', 10, 10, '1002'),
('l2', '19CSE144', '2019CSE002', 'Test - 4', 18, 20, '1002'),
('p1', '19CSE144', '2019CSE002', 'Final Exam', 73.5, 100, '1002'),
('p1', '19CSE144', '2019CSE002', 'Internal Test - 1', 39, 50, '1002'),
('p1', '19CSE144', '2019CSE002', 'Internal Test - 2', 21, 50, '1002'),
('p1', '19CSE144', '2019CSE002', 'Quiz 1-6 (Consolidated)', 47, 50, '1002'),
('p5', '19CSE144', '2019CSE002', 'Final Written Test (FWT)', 39, 40, '1003'),
('p5', '19CSE144', '2019CSE002', 'Internal Tests (Consolidated)', 26, 30, '1003'),
('p5', '19CSE144', '2019CSE002', 'Quizzes (Consolidated)', 30, 30, '1003'),
('l1', '19CSE145', '2019CSE002', 'Final Assessment', 49, 50, '1006'),
('l1', '19CSE145', '2019CSE002', 'Internal Assessments 1-10 (Consolidated Score)', 93, 100, '1006'),
('l1', '19CSE145', '2019CSE002', 'Internals (Consolidated)', 44, 50, '1006'),
('l2', '19CSE145', '2019CSE002', 'Lab Final Exam', 32, 50, '1002'),
('l2', '19CSE145', '2019CSE002', 'Test - 1', 10, 10, '1002'),
('l2', '19CSE145', '2019CSE002', 'Test - 2', 10, 10, '1002'),
('l2', '19CSE145', '2019CSE002', 'Test - 3', 10, 10, '1002'),
('l2', '19CSE145', '2019CSE002', 'Test - 4', 19, 20, '1002'),
('p1', '19CSE145', '2019CSE002', 'Final Exam', 95, 100, '1002'),
('p1', '19CSE145', '2019CSE002', 'Internal Test - 1', 18, 50, '1002'),
('p1', '19CSE145', '2019CSE002', 'Internal Test - 2', 23, 50, '1002'),
('p1', '19CSE145', '2019CSE002', 'Quiz 1-6 (Consolidated)', 48, 50, '1002'),
('p5', '19CSE145', '2019CSE002', 'Final Written Test (FWT)', 38.5, 40, '1003'),
('p5', '19CSE145', '2019CSE002', 'Internal Tests (Consolidated)', 23, 30, '1003'),
('p5', '19CSE145', '2019CSE002', 'Quizzes (Consolidated)', 30, 30, '1003'),
('l1', '19CSE146', '2019CSE002', 'Final Assessment', 47, 50, '1006'),
('l1', '19CSE146', '2019CSE002', 'Internal Assessments 1-10 (Consolidated Score)', 94, 100, '1006'),
('l1', '19CSE146', '2019CSE002', 'Internals (Consolidated)', 45, 50, '1006'),
('l2', '19CSE146', '2019CSE002', 'Lab Final Exam', 35, 50, '1002'),
('l2', '19CSE146', '2019CSE002', 'Test - 1', 10, 10, '1002'),
('l2', '19CSE146', '2019CSE002', 'Test - 2', 10, 10, '1002'),
('l2', '19CSE146', '2019CSE002', 'Test - 3', 10, 10, '1002'),
('l2', '19CSE146', '2019CSE002', 'Test - 4', 19, 20, '1002'),
('p1', '19CSE146', '2019CSE002', 'Final Exam', 94, 100, '1002'),
('p1', '19CSE146', '2019CSE002', 'Internal Test - 1', 25, 50, '1002'),
('p1', '19CSE146', '2019CSE002', 'Internal Test - 2', 21, 50, '1002'),
('p1', '19CSE146', '2019CSE002', 'Quiz 1-6 (Consolidated)', 49, 50, '1002'),
('p5', '19CSE146', '2019CSE002', 'Final Written Test (FWT)', 37, 40, '1003'),
('p5', '19CSE146', '2019CSE002', 'Internal Tests (Consolidated)', 21, 30, '1003'),
('p5', '19CSE146', '2019CSE002', 'Quizzes (Consolidated)', 30, 30, '1003'),
('l1', '19CSE147', '2019CSE002', 'Final Assessment', 41, 50, '1006'),
('l1', '19CSE147', '2019CSE002', 'Internal Assessments 1-10 (Consolidated Score)', 98, 100, '1006'),
('l1', '19CSE147', '2019CSE002', 'Internals (Consolidated)', 42, 50, '1006'),
('l2', '19CSE147', '2019CSE002', 'Lab Final Exam', 38, 50, '1002'),
('l2', '19CSE147', '2019CSE002', 'Test - 1', 10, 10, '1002'),
('l2', '19CSE147', '2019CSE002', 'Test - 2', 10, 10, '1002'),
('l2', '19CSE147', '2019CSE002', 'Test - 3', 10, 10, '1002'),
('l2', '19CSE147', '2019CSE002', 'Test - 4', 18, 20, '1002'),
('p1', '19CSE147', '2019CSE002', 'Final Exam', 40, 100, '1002'),
('p1', '19CSE147', '2019CSE002', 'Internal Test - 1', 27, 50, '1002'),
('p1', '19CSE147', '2019CSE002', 'Internal Test - 2', 25, 50, '1002'),
('p1', '19CSE147', '2019CSE002', 'Quiz 1-6 (Consolidated)', 47.5, 50, '1002'),
('p5', '19CSE147', '2019CSE002', 'Final Written Test (FWT)', 37.5, 40, '1003'),
('p5', '19CSE147', '2019CSE002', 'Internal Tests (Consolidated)', 20, 30, '1003'),
('p5', '19CSE147', '2019CSE002', 'Quizzes (Consolidated)', 30, 30, '1003'),
('l1', '19CSE148', '2019CSE002', 'Final Assessment', 42.5, 50, '1006'),
('l1', '19CSE148', '2019CSE002', 'Internal Assessments 1-10 (Consolidated Score)', 92, 100, '1006'),
('l1', '19CSE148', '2019CSE002', 'Internals (Consolidated)', 42, 50, '1006'),
('l2', '19CSE148', '2019CSE002', 'Lab Final Exam', 31, 50, '1002'),
('l2', '19CSE148', '2019CSE002', 'Test - 1', 10, 10, '1002'),
('l2', '19CSE148', '2019CSE002', 'Test - 2', 10, 10, '1002'),
('l2', '19CSE148', '2019CSE002', 'Test - 3', 10, 10, '1002'),
('l2', '19CSE148', '2019CSE002', 'Test - 4', 17, 20, '1002'),
('p1', '19CSE148', '2019CSE002', 'Final Exam', 50, 100, '1002'),
('p1', '19CSE148', '2019CSE002', 'Internal Test - 1', 29, 50, '1002'),
('p1', '19CSE148', '2019CSE002', 'Internal Test - 2', 28, 50, '1002'),
('p1', '19CSE148', '2019CSE002', 'Quiz 1-6 (Consolidated)', 45, 50, '1002'),
('p5', '19CSE148', '2019CSE002', 'Final Written Test (FWT)', 39, 40, '1003'),
('p5', '19CSE148', '2019CSE002', 'Internal Tests (Consolidated)', 28, 30, '1003'),
('p5', '19CSE148', '2019CSE002', 'Quizzes (Consolidated)', 25, 30, '1003'),
('l1', '19CSE149', '2019CSE002', 'Final Assessment', 41, 50, '1006'),
('l1', '19CSE149', '2019CSE002', 'Internal Assessments 1-10 (Consolidated Score)', 93, 100, '1006'),
('l1', '19CSE149', '2019CSE002', 'Internals (Consolidated)', 45, 50, '1006'),
('l2', '19CSE149', '2019CSE002', 'Lab Final Exam', 32, 50, '1002'),
('l2', '19CSE149', '2019CSE002', 'Test - 1', 10, 10, '1002'),
('l2', '19CSE149', '2019CSE002', 'Test - 2', 10, 10, '1002'),
('l2', '19CSE149', '2019CSE002', 'Test - 3', 10, 10, '1002'),
('l2', '19CSE149', '2019CSE002', 'Test - 4', 19, 20, '1002'),
('p1', '19CSE149', '2019CSE002', 'Final Exam', 75, 100, '1002'),
('p1', '19CSE149', '2019CSE002', 'Internal Test - 1', 24, 50, '1002'),
('p1', '19CSE149', '2019CSE002', 'Internal Test - 2', 29, 50, '1002'),
('p1', '19CSE149', '2019CSE002', 'Quiz 1-6 (Consolidated)', 47, 50, '1002'),
('p5', '19CSE149', '2019CSE002', 'Final Written Test (FWT)', 39, 40, '1003'),
('p5', '19CSE149', '2019CSE002', 'Internal Tests (Consolidated)', 30, 30, '1003'),
('p5', '19CSE149', '2019CSE002', 'Quizzes (Consolidated)', 27, 30, '1003'),
('l1', '19CSE150', '2019CSE002', 'Final Assessment', 42.5, 50, '1006'),
('l1', '19CSE150', '2019CSE002', 'Internal Assessments 1-10 (Consolidated Score)', 96, 100, '1006'),
('l1', '19CSE150', '2019CSE002', 'Internals (Consolidated)', 36, 50, '1006'),
('l2', '19CSE150', '2019CSE002', 'Lab Final Exam', 31, 50, '1002'),
('l2', '19CSE150', '2019CSE002', 'Test - 1', 10, 10, '1002'),
('l2', '19CSE150', '2019CSE002', 'Test - 2', 10, 10, '1002'),
('l2', '19CSE150', '2019CSE002', 'Test - 3', 10, 10, '1002'),
('l2', '19CSE150', '2019CSE002', 'Test - 4', 15, 20, '1002'),
('p1', '19CSE150', '2019CSE002', 'Final Exam', 75, 100, '1002'),
('p1', '19CSE150', '2019CSE002', 'Internal Test - 1', 35, 50, '1002'),
('p1', '19CSE150', '2019CSE002', 'Internal Test - 2', 26, 50, '1002'),
('p1', '19CSE150', '2019CSE002', 'Quiz 1-6 (Consolidated)', 48, 50, '1002'),
('p5', '19CSE150', '2019CSE002', 'Final Written Test (FWT)', 39, 40, '1003'),
('p5', '19CSE150', '2019CSE002', 'Internal Tests (Consolidated)', 24, 30, '1003'),
('p5', '19CSE150', '2019CSE002', 'Quizzes (Consolidated)', 24.5, 30, '1003'),
('l1', '19CSE151', '2019CSE002', 'Final Assessment', 46.5, 50, '1006'),
('l1', '19CSE151', '2019CSE002', 'Internal Assessments 1-10 (Consolidated Score)', 95, 100, '1006'),
('l1', '19CSE151', '2019CSE002', 'Internals (Consolidated)', 47, 50, '1006'),
('l2', '19CSE151', '2019CSE002', 'Lab Final Exam', 35, 50, '1002'),
('l2', '19CSE151', '2019CSE002', 'Test - 1', 10, 10, '1002'),
('l2', '19CSE151', '2019CSE002', 'Test - 2', 10, 10, '1002'),
('l2', '19CSE151', '2019CSE002', 'Test - 3', 10, 10, '1002'),
('l2', '19CSE151', '2019CSE002', 'Test - 4', 18, 20, '1002'),
('p1', '19CSE151', '2019CSE002', 'Final Exam', 72.5, 100, '1002'),
('p1', '19CSE151', '2019CSE002', 'Internal Test - 1', 36, 50, '1002'),
('p1', '19CSE151', '2019CSE002', 'Internal Test - 2', 25, 50, '1002'),
('p1', '19CSE151', '2019CSE002', 'Quiz 1-6 (Consolidated)', 49, 50, '1002'),
('p5', '19CSE151', '2019CSE002', 'Final Written Test (FWT)', 38, 40, '1003'),
('p5', '19CSE151', '2019CSE002', 'Internal Tests (Consolidated)', 24, 30, '1003'),
('p5', '19CSE151', '2019CSE002', 'Quizzes (Consolidated)', 27.5, 30, '1003'),
('l1', '19CSE152', '2019CSE002', 'Final Assessment', 44, 50, '1006'),
('l1', '19CSE152', '2019CSE002', 'Internal Assessments 1-10 (Consolidated Score)', 97, 100, '1006'),
('l1', '19CSE152', '2019CSE002', 'Internals (Consolidated)', 40, 50, '1006'),
('l2', '19CSE152', '2019CSE002', 'Lab Final Exam', 32, 50, '1002'),
('l2', '19CSE152', '2019CSE002', 'Test - 1', 10, 10, '1002'),
('l2', '19CSE152', '2019CSE002', 'Test - 2', 10, 10, '1002'),
('l2', '19CSE152', '2019CSE002', 'Test - 3', 10, 10, '1002'),
('l2', '19CSE152', '2019CSE002', 'Test - 4', 19, 20, '1002'),
('p1', '19CSE152', '2019CSE002', 'Final Exam', 74, 100, '1002'),
('p1', '19CSE152', '2019CSE002', 'Internal Test - 1', 10, 50, '1002'),
('p1', '19CSE152', '2019CSE002', 'Internal Test - 2', 28, 50, '1002'),
('p1', '19CSE152', '2019CSE002', 'Quiz 1-6 (Consolidated)', 47, 50, '1002'),
('p5', '19CSE152', '2019CSE002', 'Final Written Test (FWT)', 39, 40, '1003'),
('p5', '19CSE152', '2019CSE002', 'Internal Tests (Consolidated)', 28, 30, '1003'),
('p5', '19CSE152', '2019CSE002', 'Quizzes (Consolidated)', 26, 30, '1003'),
('l1', '19CSE153', '2019CSE002', 'Final Assessment', 41, 50, '1006'),
('l1', '19CSE153', '2019CSE002', 'Internal Assessments 1-10 (Consolidated Score)', 94, 100, '1006'),
('l1', '19CSE153', '2019CSE002', 'Internals (Consolidated)', 41, 50, '1006'),
('l2', '19CSE153', '2019CSE002', 'Lab Final Exam', 36, 50, '1002'),
('l2', '19CSE153', '2019CSE002', 'Test - 1', 10, 10, '1002'),
('l2', '19CSE153', '2019CSE002', 'Test - 2', 10, 10, '1002'),
('l2', '19CSE153', '2019CSE002', 'Test - 3', 10, 10, '1002'),
('l2', '19CSE153', '2019CSE002', 'Test - 4', 19, 20, '1002'),
('p1', '19CSE153', '2019CSE002', 'Final Exam', 62.5, 100, '1002'),
('p1', '19CSE153', '2019CSE002', 'Internal Test - 1', 2, 50, '1002'),
('p1', '19CSE153', '2019CSE002', 'Internal Test - 2', 28, 50, '1002'),
('p1', '19CSE153', '2019CSE002', 'Quiz 1-6 (Consolidated)', 42, 50, '1002'),
('p5', '19CSE153', '2019CSE002', 'Final Written Test (FWT)', 37.5, 40, '1003'),
('p5', '19CSE153', '2019CSE002', 'Internal Tests (Consolidated)', 21, 30, '1003'),
('p5', '19CSE153', '2019CSE002', 'Quizzes (Consolidated)', 25, 30, '1003'),
('l1', '19CSE154', '2019CSE002', 'Final Assessment', 42, 50, '1006'),
('l1', '19CSE154', '2019CSE002', 'Internal Assessments 1-10 (Consolidated Score)', 95, 100, '1006'),
('l1', '19CSE154', '2019CSE002', 'Internals (Consolidated)', 47, 50, '1006'),
('l2', '19CSE154', '2019CSE002', 'Lab Final Exam', 39, 50, '1002'),
('l2', '19CSE154', '2019CSE002', 'Test - 1', 10, 10, '1002'),
('l2', '19CSE154', '2019CSE002', 'Test - 2', 10, 10, '1002'),
('l2', '19CSE154', '2019CSE002', 'Test - 3', 10, 10, '1002'),
('l2', '19CSE154', '2019CSE002', 'Test - 4', 18, 20, '1002'),
('p1', '19CSE154', '2019CSE002', 'Final Exam', 65.5, 100, '1002'),
('p1', '19CSE154', '2019CSE002', 'Internal Test - 1', 36, 50, '1002'),
('p1', '19CSE154', '2019CSE002', 'Internal Test - 2', 24, 50, '1002'),
('p1', '19CSE154', '2019CSE002', 'Quiz 1-6 (Consolidated)', 46, 50, '1002'),
('p5', '19CSE154', '2019CSE002', 'Final Written Test (FWT)', 35, 40, '1003'),
('p5', '19CSE154', '2019CSE002', 'Internal Tests (Consolidated)', 20, 30, '1003'),
('p5', '19CSE154', '2019CSE002', 'Quizzes (Consolidated)', 25, 30, '1003'),
('l1', '19CSE155', '2019CSE002', 'Final Assessment', 43, 50, '1006'),
('l1', '19CSE155', '2019CSE002', 'Internal Assessments 1-10 (Consolidated Score)', 98, 100, '1006'),
('l1', '19CSE155', '2019CSE002', 'Internals (Consolidated)', 45, 50, '1006'),
('l2', '19CSE155', '2019CSE002', 'Lab Final Exam', 34, 50, '1002'),
('l2', '19CSE155', '2019CSE002', 'Test - 1', 10, 10, '1002'),
('l2', '19CSE155', '2019CSE002', 'Test - 2', 10, 10, '1002'),
('l2', '19CSE155', '2019CSE002', 'Test - 3', 10, 10, '1002'),
('l2', '19CSE155', '2019CSE002', 'Test - 4', 17, 20, '1002'),
('p1', '19CSE155', '2019CSE002', 'Final Exam', 45.5, 100, '1002'),
('p1', '19CSE155', '2019CSE002', 'Internal Test - 1', 38, 50, '1002'),
('p1', '19CSE155', '2019CSE002', 'Internal Test - 2', 25, 50, '1002'),
('p1', '19CSE155', '2019CSE002', 'Quiz 1-6 (Consolidated)', 47, 50, '1002'),
('p5', '19CSE155', '2019CSE002', 'Final Written Test (FWT)', 36, 40, '1003'),
('p5', '19CSE155', '2019CSE002', 'Internal Tests (Consolidated)', 24.5, 30, '1003'),
('p5', '19CSE155', '2019CSE002', 'Quizzes (Consolidated)', 30, 30, '1003'),
('l1', '19CSE156', '2019CSE002', 'Final Assessment', 47, 50, '1006'),
('l1', '19CSE156', '2019CSE002', 'Internal Assessments 1-10 (Consolidated Score)', 96, 100, '1006'),
('l1', '19CSE156', '2019CSE002', 'Internals (Consolidated)', 46, 50, '1006'),
('l2', '19CSE156', '2019CSE002', 'Lab Final Exam', 38, 50, '1002'),
('l2', '19CSE156', '2019CSE002', 'Test - 1', 10, 10, '1002'),
('l2', '19CSE156', '2019CSE002', 'Test - 2', 10, 10, '1002'),
('l2', '19CSE156', '2019CSE002', 'Test - 3', 10, 10, '1002'),
('l2', '19CSE156', '2019CSE002', 'Test - 4', 15, 20, '1002'),
('p1', '19CSE156', '2019CSE002', 'Final Exam', 98.5, 100, '1002'),
('p1', '19CSE156', '2019CSE002', 'Internal Test - 1', 43.5, 50, '1002'),
('p1', '19CSE156', '2019CSE002', 'Internal Test - 2', 24, 50, '1002'),
('p1', '19CSE156', '2019CSE002', 'Quiz 1-6 (Consolidated)', 44.5, 50, '1002'),
('p5', '19CSE156', '2019CSE002', 'Final Written Test (FWT)', 34.5, 40, '1003'),
('p5', '19CSE156', '2019CSE002', 'Internal Tests (Consolidated)', 25, 30, '1003'),
('p5', '19CSE156', '2019CSE002', 'Quizzes (Consolidated)', 20, 30, '1003'),
('l1', '19CSE157', '2019CSE002', 'Final Assessment', 45, 50, '1006'),
('l1', '19CSE157', '2019CSE002', 'Internal Assessments 1-10 (Consolidated Score)', 96, 100, '1006'),
('l1', '19CSE157', '2019CSE002', 'Internals (Consolidated)', 47, 50, '1006'),
('l2', '19CSE157', '2019CSE002', 'Lab Final Exam', 37, 50, '1002'),
('l2', '19CSE157', '2019CSE002', 'Test - 1', 10, 10, '1002'),
('l2', '19CSE157', '2019CSE002', 'Test - 2', 10, 10, '1002'),
('l2', '19CSE157', '2019CSE002', 'Test - 3', 10, 10, '1002'),
('l2', '19CSE157', '2019CSE002', 'Test - 4', 16, 20, '1002'),
('p1', '19CSE157', '2019CSE002', 'Final Exam', 63, 100, '1002'),
('p1', '19CSE157', '2019CSE002', 'Internal Test - 1', 41.5, 50, '1002'),
('p1', '19CSE157', '2019CSE002', 'Internal Test - 2', 29, 50, '1002'),
('p1', '19CSE157', '2019CSE002', 'Quiz 1-6 (Consolidated)', 48, 50, '1002'),
('p5', '19CSE157', '2019CSE002', 'Final Written Test (FWT)', 33, 40, '1003'),
('p5', '19CSE157', '2019CSE002', 'Internal Tests (Consolidated)', 23, 30, '1003'),
('p5', '19CSE157', '2019CSE002', 'Quizzes (Consolidated)', 25, 30, '1003'),
('l1', '19CSE158', '2019CSE002', 'Final Assessment', 46, 50, '1006'),
('l1', '19CSE158', '2019CSE002', 'Internal Assessments 1-10 (Consolidated Score)', 98, 100, '1006'),
('l1', '19CSE158', '2019CSE002', 'Internals (Consolidated)', 44, 50, '1006'),
('l2', '19CSE158', '2019CSE002', 'Lab Final Exam', 35, 50, '1002'),
('l2', '19CSE158', '2019CSE002', 'Test - 1', 10, 10, '1002'),
('l2', '19CSE158', '2019CSE002', 'Test - 2', 10, 10, '1002'),
('l2', '19CSE158', '2019CSE002', 'Test - 3', 10, 10, '1002'),
('l2', '19CSE158', '2019CSE002', 'Test - 4', 19, 20, '1002'),
('p1', '19CSE158', '2019CSE002', 'Final Exam', 20, 100, '1002'),
('p1', '19CSE158', '2019CSE002', 'Internal Test - 1', 20, 50, '1002'),
('p1', '19CSE158', '2019CSE002', 'Internal Test - 2', 12, 50, '1002'),
('p1', '19CSE158', '2019CSE002', 'Quiz 1-6 (Consolidated)', 45, 50, '1002'),
('p5', '19CSE158', '2019CSE002', 'Final Written Test (FWT)', 35, 40, '1003'),
('p5', '19CSE158', '2019CSE002', 'Internal Tests (Consolidated)', 25, 30, '1003'),
('p5', '19CSE158', '2019CSE002', 'Quizzes (Consolidated)', 10, 30, '1003'),
('l1', '19CSE159', '2019CSE002', 'Final Assessment', 48, 50, '1006'),
('l1', '19CSE159', '2019CSE002', 'Internal Assessments 1-10 (Consolidated Score)', 91.5, 100, '1006'),
('l1', '19CSE159', '2019CSE002', 'Internals (Consolidated)', 41, 50, '1006'),
('l2', '19CSE159', '2019CSE002', 'Lab Final Exam', 36, 50, '1002'),
('l2', '19CSE159', '2019CSE002', 'Test - 1', 10, 10, '1002'),
('l2', '19CSE159', '2019CSE002', 'Test - 2', 10, 10, '1002'),
('l2', '19CSE159', '2019CSE002', 'Test - 3', 10, 10, '1002'),
('l2', '19CSE159', '2019CSE002', 'Test - 4', 19, 20, '1002'),
('p1', '19CSE159', '2019CSE002', 'Final Exam', 50, 100, '1002'),
('p1', '19CSE159', '2019CSE002', 'Internal Test - 1', 40, 50, '1002'),
('p1', '19CSE159', '2019CSE002', 'Internal Test - 2', 20, 50, '1002'),
('p1', '19CSE159', '2019CSE002', 'Quiz 1-6 (Consolidated)', 47, 50, '1002'),
('p5', '19CSE159', '2019CSE002', 'Final Written Test (FWT)', 32.5, 40, '1003'),
('p5', '19CSE159', '2019CSE002', 'Internal Tests (Consolidated)', 28, 30, '1003'),
('p5', '19CSE159', '2019CSE002', 'Quizzes (Consolidated)', 10, 30, '1003'),
('l1', '19CSE160', '2019CSE002', 'Final Assessment', 43.5, 50, '1006'),
('l1', '19CSE160', '2019CSE002', 'Internal Assessments 1-10 (Consolidated Score)', 90, 100, '1006'),
('l1', '19CSE160', '2019CSE002', 'Internals (Consolidated)', 45, 50, '1006'),
('l2', '19CSE160', '2019CSE002', 'Lab Final Exam', 39.5, 50, '1002'),
('l2', '19CSE160', '2019CSE002', 'Test - 1', 10, 10, '1002'),
('l2', '19CSE160', '2019CSE002', 'Test - 2', 10, 10, '1002'),
('l2', '19CSE160', '2019CSE002', 'Test - 3', 10, 10, '1002'),
('l2', '19CSE160', '2019CSE002', 'Test - 4', 18, 20, '1002'),
('p1', '19CSE160', '2019CSE002', 'Final Exam', 87.5, 100, '1002'),
('p1', '19CSE160', '2019CSE002', 'Internal Test - 1', 50, 50, '1002'),
('p1', '19CSE160', '2019CSE002', 'Internal Test - 2', 13, 50, '1002'),
('p1', '19CSE160', '2019CSE002', 'Quiz 1-6 (Consolidated)', 43.5, 50, '1002'),
('p5', '19CSE160', '2019CSE002', 'Final Written Test (FWT)', 20, 40, '1003'),
('p5', '19CSE160', '2019CSE002', 'Internal Tests (Consolidated)', 26, 30, '1003'),
('p5', '19CSE160', '2019CSE002', 'Quizzes (Consolidated)', 0, 30, '1003');

-- --------------------------------------------------------

--
-- Table structure for table `notifications`
--

CREATE TABLE `notifications` (
  `id` int(11) NOT NULL,
  `content` varchar(2000) NOT NULL,
  `visibility` date NOT NULL
) ENGINE=InnoDB DEFAULT CHARSET=utf8mb4;

--
-- Dumping data for table `notifications`
--

INSERT INTO `notifications` (`id`, `content`, `visibility`) VALUES
(1, 'Please pay all the academic dues by 01/12/2020', '2020-11-30'),
(2, 'Please mail helpdesk@ezcollege.com for queries on AcadPortal, and issues - if any\r\n--ADMIN', '2020-12-31'),
(3, 'EduPortal is open for testing and may contain some bugs. Faculty are supposed to use any other platform for sharing materials if the EduPortal is not properly configured.', '2020-12-31');

-- --------------------------------------------------------

--
-- Table structure for table `student`
--

CREATE TABLE `student` (
  `id` int(11) NOT NULL,
  `firstname` longtext NOT NULL,
  `lastname` longtext NOT NULL,
  `username` longtext NOT NULL,
  `groupid` varchar(100) NOT NULL,
  `fathername` longtext NOT NULL,
  `mothername` longtext NOT NULL,
  `address` longtext NOT NULL,
  `phone` longtext NOT NULL,
  `email` longtext NOT NULL
) ENGINE=InnoDB DEFAULT CHARSET=utf8mb4;

--
-- Dumping data for table `student`
--

INSERT INTO `student` (`id`, `firstname`, `lastname`, `username`, `groupid`, `fathername`, `mothername`, `address`, `phone`, `email`) VALUES
(4, 'ARVIND', 'C B', '19CSE101', '2019CSE001', 'BOOMINATHAN', 'GOMATHI', 'Chennai', '9176725703', 'arvind@ezcollege.com'),
(5, 'PRANAYDEEP', 'MAYANK', '19CSE102', '2019CSE001', 'SANDEEP', 'PRATHIBA', 'Ranchi', '1234567890', 'pranaydeep.mayank@ezcollege.com'),
(6, 'APURV', 'DODDAMANI', '19CSE103', '2019CSE001', 'SANGMESH', 'SANDHYA', 'Mumbai', '1234567890', 'apurv.doddamani@ezcollege.com'),
(7, 'JAY', 'GUPTA', '19CSE104', '2019CSE001', 'KAILASH', 'REENA', 'Kota', '1234567890', 'jay.gupta@ezcollege.com'),
(8, 'ANIRUDH', 'S', '19CSE105', '2019CSE001', 'KUMAR', 'VIDHYA', 'Velachery', '1234567890', 'anirudh.s@ezcollege.com'),
(9, 'SANJAY', 'SUNDARESAN', '19CSE106', '2019CSE001', 'SRINIVASAN', 'UMA', 'Bengaluru', '1234567890', 'sanjay.sundaresan@ezcollege.com'),
(10, 'CHINMAI', 'NAREGAL', '19CSE107', '2019CSE001', 'SANJEEV', 'ARCHANA', 'Bengaluru', '1234567890', 'chinmai.naregal@ezcollege.com'),
(11, 'MONISH', 'B', '19CSE108', '2019CSE001', 'BALASUBRAMANIAN', 'GEETHA', 'Chennai', '1234567890', 'monish.b@ezcollege.com'),
(12, 'AAYUSH', 'MAHESH', '19CSE109', '2019CSE001', 'MAHESH', 'NIDHI', 'Hyderabad', '1234567890', 'aayush.mahesh@ezcollege.com'),
(13, 'DHRUV', 'KUMAR', '19CSE110', '2019CSE001', 'SRIRAM', 'SHUBHA', 'Kochi', '1234567890', 'dhruv.kumar@ezcollege.com'),
(14, 'ISHANT', 'SHARMA', '19CSE111', '2019CSE001', 'KALYAN', 'MEENA', 'Delhi', '1234567890', 'ishant.sharma@ezcollege.com'),
(15, 'KARTHIK', 'KRISHNA', '19CSE112', '2019CSE001', 'KRISHNA', 'PRIYANKA', 'Madurai', '1234567890', 'karthik.krishna@ezcollege.com'),
(16, 'MADHAVAN', 'NISHIT', '19CSE113', '2019CSE001', 'RITHVIK', 'RADHA', 'Bhopal', '1234567890', 'madhavan.nishit@ezcollege.com'),
(17, 'SRIRAM', 'R', '19CSE114', '2019CSE001', 'SUNDAR', 'LATHA', 'Nainital', '1234567890', 'sriram.r@ezcollege.com'),
(18, 'SAMARTH', 'KS ', '19CSE115', '2019CSE001', 'KISHEN', 'SUMADEVI', 'Kolkata', '1234567890', 'samarth.ks@ezcollege.com'),
(19, 'TEJAS', 'TARAN', '19CSE116', '2019CSE001', 'UMANG', 'SRIDEVI', 'Chennai', '1234567890', 'tejas.taran@ezcollege.com'),
(20, 'MITHUN', 'P', '19CSE117', '2019CSE001', 'PARAMANANDAN', 'DEVISRI', 'Chennai', '1234567890', 'mithun.p@ezcollege.com'),
(21, 'SIDDHARTH', 'SRIKANTH', '19CSE118', '2019CSE001', 'SRIKANTH', 'TEJASWI', 'Kollam', '1234567890', 'siddharth.srikanth@ezcollege.com'),
(22, 'VARUN', 'PRASAD', '19CSE119', '2019CSE001', 'VAIBHAV', 'SHRUTHI', 'Jamshedpur', '1234567890', 'varun.prasad@ezcollege.com'),
(23, 'VIDYUT', 'JAIN', '19CSE120', '2019CSE001', 'ZEESHAN', 'ANAMIKA', 'Gujarat', '1234567890', 'vidyut.jain@ezcollege.com'),
(24, 'DHANUSH', 'YUVARAJ', '19CSE121', '2019CSE001', 'YUVARAJ', 'KAIRA', 'Mumbai', '1234567890', 'dhanush.yuvaraj@ezcollege.com'),
(25, 'KIRAN', 'KUMAR', '19CSE122', '2019CSE001', 'NEERAJ', 'KHUSHI', 'Madurai', '1234567890', 'kiran.kumar@ezcollege.com'),
(26, 'TRISHIT', 'TEJAS', '19CSE123', '2019CSE001', 'SARATHKUMAR', 'MAYA', 'Goa', '1234567890', 'trishit.tejas@ezcollege.com'),
(27, 'UMESH', 'YADAV', '19CSE124', '2019CSE001', 'VARUN', 'NAYANTARA', 'Mysore', '1234567890', 'umesh.yadav@ezcollege.com'),
(28, 'YESHWANT', 'SUNIL', '19CSE125', '2019CSE001', 'SUNIL', 'NITYA', 'Mumbai', '1234567890', 'yeshwant.sunil@ezcollege.com'),
(29, 'AAKASH', 'ANANTHARAJ', '19CSE126', '2019CSE001', 'ANANTHARAJ', 'ABINAYA', 'Chennai', '1234567890', 'aakash.anantharaj@ezcollege.com'),
(30, 'ACHYUT', 'ABZAR', '19CSE127', '2019CSE001', 'KAMAL', 'SRILEKHA', 'Mumbai', '1234567890', 'achyut.abzar@ezcollege.com'),
(31, 'ADHVAITH', 'AFRAZ', '19CSE128', '2019CSE001', 'AFZAL', 'LEKHA', 'Ranchi', '1234567890', 'adhvaith.afraz@ezcollege.com'),
(32, 'CHAYANK', 'DAAMODAR', '19CSE129', '2019CSE001', 'DAKSH', 'PRATHIBA', 'Mumbai', '1234567890', 'chayank.daamodar@ezcollege.com'),
(33, 'EESHWAR', 'DEVYA', '19CSE130', '2019CSE001', 'SANDEEP', 'SANDHYA', 'Kota', '1234567890', 'eeshwar.devya@ezcollege.com'),
(34, 'GANAPATHI', 'HANA', '19CSE131', '2019CSE002', 'SANGMESH', 'REENA', 'Velachery', '1234567890', 'ganapathi.hana@ezcollege.com'),
(35, 'ILANDEVAN', 'ILAVARASAN', '19CSE132', '2019CSE002', 'KAILASH', 'VIDHYA', 'Bengaluru', '1234567890', 'ilandevan.ilavarasan@ezcollege.com'),
(36, 'INDRANIL', 'JADHAV', '19CSE133', '2019CSE002', 'KUMAR', 'UMA', 'Bengaluru', '1234567890', 'indranil.jadhav@ezcollege.com'),
(37, 'KARTHIK', 'LAVANA', '19CSE134', '2019CSE002', 'SRINIVASAN', 'ARCHANA', 'Chennai', '1234567890', 'karthik.lavana@ezcollege.com'),
(38, 'MANTHRA', 'KARTHIK', '19CSE135', '2019CSE002', 'SANJEEV', 'GEETHA', 'Hyderabad', '1234567890', 'manthra.karthik@ezcollege.com'),
(39, 'NAKUL', 'NANDU', '19CSE136', '2019CSE002', 'BALASUBRAMANIAN', 'NIDHI', 'Kochi', '1234567890', 'nakul.nandu@ezcollege.com'),
(40, 'NAVIN', 'PADAM', '19CSE137', '2019CSE002', 'MAHESH', 'SHUBHA', 'Delhi', '1234567890', 'navin.padam@ezcollege.com'),
(41, 'PARAS', 'S', '19CSE138', '2019CSE002', 'SRIRAM', 'MEENA', 'Madurai', '1234567890', 'paras.s@ezcollege.com'),
(42, 'PIYUSH', 'SUNIL', '19CSE139', '2019CSE002', 'KALYAN', 'PRIYANKA', 'Bhopal', '1234567890', 'piyush.sunil@ezcollege.com'),
(43, 'SABARISH', 'KRISHNA', '19CSE140', '2019CSE002', 'KRISHNA', 'RADHA', 'Nainital', '1234567890', 'sabarish.krishna@ezcollege.com'),
(44, 'SAI', 'DHARSHAN', '19CSE141', '2019CSE002', 'RITHVIK', 'LATHA', 'Kolkata', '1234567890', 'sai.dharshan@ezcollege.com'),
(45, 'SIDDIQ', 'SHASWAT', '19CSE142', '2019CSE002', 'SUNDAR', 'SUMADEVI', 'Chennai', '1234567890', 'siddiq.shaswat@ezcollege.com'),
(46, 'SATYARANJIT', 'KISHEN', '19CSE143', '2019CSE002', 'KISHEN', 'SRIDEVI', 'Chennai', '1234567890', 'satyaranjit.kishen@ezcollege.com'),
(47, 'SHACHIN', 'SELVAM', '19CSE144', '2019CSE002', 'UMANG', 'DEVISRI', 'Kollam', '1234567890', 'shachin.selvam@ezcollege.com'),
(48, 'YOGIRAJ', 'PARAMANANDAN', '19CSE145', '2019CSE002', 'PARAMANANDAN', 'TEJASWI', 'Jamshedpur', '1234567890', 'yogiraj.paramanandan@ezcollege.com'),
(49, 'YASHRAJ', 'S', '19CSE146', '2019CSE002', 'SRIKANTH', 'SHRUTHI', 'Gujarat', '1234567890', 'yashraj.s@ezcollege.com'),
(50, 'GAURAV', 'V', '19CSE147', '2019CSE002', 'VAIBHAV', 'ANAMIKA', 'Mumbai', '1234567890', 'gaurav.v@ezcollege.com'),
(51, 'GAUTHAM', 'GHALIB', '19CSE148', '2019CSE002', 'ZEESHAN', 'KAIRA', 'Madurai', '1234567890', 'gautham.ghalib@ezcollege.com'),
(52, 'HANUMAN', 'GIRIDHAR', '19CSE149', '2019CSE002', 'YUVARAJ', 'KHUSHI', 'Goa', '1234567890', 'hanuman.giridhar@ezcollege.com'),
(53, 'HARIHARAN', 'MAHADEVAN', '19CSE150', '2019CSE002', 'NEERAJ', 'MAYA', 'Mysore', '1234567890', 'hariharan.mahadevan@ezcollege.com'),
(54, 'PRADHUMAN', 'SINGH', '19CSE151', '2019CSE002', 'SARATHKUMAR', 'NAYANTARA', 'Mumbai', '1234567890', 'pradhuman.singh@ezcollege.com'),
(55, 'KUMAR', 'SHUBHAM', '19CSE152', '2019CSE002', 'VARUN', 'NITYA', 'Chennai', '1234567890', 'kumar.shubham@ezcollege.com'),
(56, 'INDRAJEET', 'SUMAN', '19CSE153', '2019CSE002', 'SUNIL', 'ABINAYA', 'Mumbai', '1234567890', 'indrajeet.suman@ezcollege.com'),
(57, 'ASHWAT', 'ASHWIN', '19CSE154', '2019CSE002', 'ANANTHARAJ', 'SRILEKHA', 'Ranchi', '1234567890', 'ashwat.ashwin@ezcollege.com'),
(58, 'AVINASH', 'KAMAL', '19CSE155', '2019CSE002', 'KAMAL', 'LEKHA', 'Mumbai', '1234567890', 'avinash.kamal@ezcollege.com'),
(59, 'BALA', 'GOPAL', '19CSE156', '2019CSE002', 'AFZAL', 'PRATHIBA', 'Kota', '1234567890', 'bala.gopal@ezcollege.com'),
(60, 'CHEZHIYAN', 'G', '19CSE157', '2019CSE002', 'DAKSH', 'SANDHYA', 'Velachery', '1234567890', 'chezhiyan.g@ezcollege.com'),
(61, 'EZHILAN', 'G', '19CSE158', '2019CSE002', 'SANDEEP', 'REENA', 'Bengaluru', '1234567890', 'ezhilan.g@ezcollege.com'),
(62, 'ARUN', 'SANGMESH', '19CSE159', '2019CSE002', 'SANGMESH', 'VIDHYA', 'Bengaluru', '1234567890', 'arun.sangmesh@ezcollege.com'),
(63, 'KANNAN', 'RAJKUMAR', '19CSE160', '2019CSE002', 'KAILASH', 'UMA', 'Chennai', '1234567890', 'kannan.rajkumar@ezcollege.com');

-- --------------------------------------------------------

--
-- Table structure for table `timetable`
--

CREATE TABLE `timetable` (
  `groupname` longtext NOT NULL,
  `p1` longtext NOT NULL,
  `p2` longtext NOT NULL,
  `p3` longtext NOT NULL,
  `p4` longtext NOT NULL,
  `p5` longtext NOT NULL,
  `l1` longtext NOT NULL,
  `l2` longtext NOT NULL,
  `l3` longtext NOT NULL,
  `l4` longtext NOT NULL,
  `l5` longtext NOT NULL
) ENGINE=InnoDB DEFAULT CHARSET=utf8mb4;

--
-- Dumping data for table `timetable`
--

INSERT INTO `timetable` (`groupname`, `p1`, `p2`, `p3`, `p4`, `p5`, `l1`, `l2`, `l3`, `l4`, `l5`) VALUES
('2019CSE001', 'CSE101 - INTRODUCTION TO COMPUTER SCIENCE AND ENGINEERING', 'CSE102 - INTRODUCTION TO PROGRAMMING CONCEPTS', '', 'MAT100 - MATHEMATICS FOR ENGINEERS 1', 'PHY100 - PHYSICS FOR ENGINEERS', 'CSE102L - INTRODUCTION TO PROGRAMMING CONCEPTS LAB', 'MAT100L - MATHEMATICS FOR ENGINEERS 1 LAB', '', 'CSE102L - INTRODUCTION TO PROGRAMMING CONCEPTS LAB', 'PHY100L - PHYSICS FOR ENGINEERS LAB'),
('2019CSE002', 'CSE102 - INTRODUCTION TO PROGRAMMING CONCEPTS', '', 'CSE101 - INTRODUCTION TO COMPUTER SCIENCE AND ENGINEERING', 'PHY100 - PHYSICS FOR ENGINEERS', 'MAT100 - MATHEMATICS FOR ENGINEERS 1', 'MAT100L - MATHEMATICS FOR ENGINEERS 1 LAB', 'CSE102L - INTRODUCTION TO PROGRAMMING CONCEPTS LAB', 'CSE102L - INTRODUCTION TO PROGRAMMING CONCEPTS LAB', 'PHY100L - PHYSICS FOR ENGINEERS LAB', '');

--
-- Indexes for dumped tables
--

--
-- Indexes for table `attendance`
--
ALTER TABLE `attendance`
  ADD PRIMARY KEY (`id`),
  ADD UNIQUE KEY `unq` (`stu_id`,`date`,`slot`,`group_id`,`fac_id`);

--
-- Indexes for table `courses`
--
ALTER TABLE `courses`
  ADD PRIMARY KEY (`coursecode`(10));

--
-- Indexes for table `examination`
--
ALTER TABLE `examination`
  ADD PRIMARY KEY (`id`);

--
-- Indexes for table `examstudent`
--
ALTER TABLE `examstudent`
  ADD PRIMARY KEY (`id`);

--
-- Indexes for table `faculty`
--
ALTER TABLE `faculty`
  ADD PRIMARY KEY (`id`);

--
-- Indexes for table `fac_timetable`
--
ALTER TABLE `fac_timetable`
  ADD PRIMARY KEY (`username`(100),`groupname`(100));

--
-- Indexes for table `fileupload`
--
ALTER TABLE `fileupload`
  ADD PRIMARY KEY (`id`);

--
-- Indexes for table `groups`
--
ALTER TABLE `groups`
  ADD PRIMARY KEY (`id`(50));

--
-- Indexes for table `group_data`
--
ALTER TABLE `group_data`
  ADD PRIMARY KEY (`id`);

--
-- Indexes for table `login`
--
ALTER TABLE `login`
  ADD PRIMARY KEY (`id`);

--
-- Indexes for table `marks`
--
ALTER TABLE `marks`
  ADD PRIMARY KEY (`id`(100),`slot`,`groupname`(100),`testname`(100)) USING BTREE;

--
-- Indexes for table `notifications`
--
ALTER TABLE `notifications`
  ADD UNIQUE KEY `id` (`id`);

--
-- Indexes for table `student`
--
ALTER TABLE `student`
  ADD PRIMARY KEY (`id`) USING BTREE,
  ADD UNIQUE KEY `unq` (`username`(100),`groupid`);

--
-- Indexes for table `timetable`
--
ALTER TABLE `timetable`
  ADD UNIQUE KEY `unq` (`groupname`) USING HASH;

--
-- AUTO_INCREMENT for dumped tables
--

--
-- AUTO_INCREMENT for table `attendance`
--
ALTER TABLE `attendance`
  MODIFY `id` int(11) NOT NULL AUTO_INCREMENT, AUTO_INCREMENT=2140;

--
-- AUTO_INCREMENT for table `examination`
--
ALTER TABLE `examination`
  MODIFY `id` int(11) NOT NULL AUTO_INCREMENT, AUTO_INCREMENT=3;

--
-- AUTO_INCREMENT for table `examstudent`
--
ALTER TABLE `examstudent`
  MODIFY `id` int(11) NOT NULL AUTO_INCREMENT, AUTO_INCREMENT=22;

--
-- AUTO_INCREMENT for table `faculty`
--
ALTER TABLE `faculty`
  MODIFY `id` int(11) NOT NULL AUTO_INCREMENT, AUTO_INCREMENT=13;

--
-- AUTO_INCREMENT for table `fileupload`
--
ALTER TABLE `fileupload`
  MODIFY `id` int(11) NOT NULL AUTO_INCREMENT, AUTO_INCREMENT=12;

--
-- AUTO_INCREMENT for table `group_data`
--
ALTER TABLE `group_data`
  MODIFY `id` int(11) NOT NULL AUTO_INCREMENT, AUTO_INCREMENT=11;

--
-- AUTO_INCREMENT for table `login`
--
ALTER TABLE `login`
  MODIFY `id` int(11) NOT NULL AUTO_INCREMENT, AUTO_INCREMENT=112;

--
-- AUTO_INCREMENT for table `student`
--
ALTER TABLE `student`
  MODIFY `id` int(11) NOT NULL AUTO_INCREMENT, AUTO_INCREMENT=64;
COMMIT;

/*!40101 SET CHARACTER_SET_CLIENT=@OLD_CHARACTER_SET_CLIENT */;
/*!40101 SET CHARACTER_SET_RESULTS=@OLD_CHARACTER_SET_RESULTS */;
/*!40101 SET COLLATION_CONNECTION=@OLD_COLLATION_CONNECTION */;
